Trade Date,F1,F2,F3,F4,F5,F6,F7
1/3/2013,15.9,16.92,18.12,18.92,19.61,20.4,21.39
1/4/2013,15.3,16.67,18.02,18.73,19.53,20.24,21.11
1/7/2013,14.75,16.42,17.95,18.79,19.59,20.34,21.17
1/8/2013,14.65,16.43,17.87,18.67,19.41,20.17,21.14
1/9/2013,14.7,16.37,17.94,18.58,19.44,20.04,20.88
1/10/2013,14.2,16.08,17.74,18.38,19,19.89,20.59
1/11/2013,14.14,15.98,17.64,18.33,19.07,19.68,20.48
1/14/2013,14.09,15.94,17.33,18.19,18.78,19.54,20.28
1/15/2013,14.2,15.76,17.24,18.15,18.88,19.53,20.28
1/16/2013,15.5,17.07,17.94,18.64,19.33,20.07,20.72
1/17/2013,15.69,16.98,17.86,18.53,19.07,19.78,20.41
1/18/2013,14.65,16.28,17.23,17.82,18.44,19.12,19.78
1/22/2013,14.05,15.37,16.48,17.1,17.79,18.55,19.18
1/23/2013,13.69,15.03,16.23,16.97,17.6,18.26,18.89
1/24/2013,13.94,15.08,16.13,16.89,17.54,18.19,18.83
1/25/2013,14.09,15.13,16.08,16.79,17.43,18.08,18.72
1/28/2013,14.59,15.32,16.27,16.87,17.51,18.18,18.71
1/29/2013,14.04,14.92,15.97,16.68,17.32,18.02,18.67
1/30/2013,15.15,15.76,16.57,17.12,17.68,18.37,18.92
1/31/2013,14.9,15.71,16.71,17.31,17.81,18.47,19.04
2/1/2013,14.29,15.38,16.31,17.02,17.72,18.42,18.97
2/4/2013,15.29,15.86,16.73,17.28,17.88,18.55,19.12
2/5/2013,14.39,15.57,16.57,17.18,17.76,18.47,19.03
2/6/2013,14.15,15.33,16.43,17.04,17.63,18.28,18.92
2/7/2013,14.09,15.31,16.32,16.99,17.54,18.22,18.87
2/8/2013,13.8,15.01,16.07,16.67,17.31,17.96,18.57
2/11/2013,13.5,14.93,15.82,16.47,17.08,17.77,18.42
2/12/2013,13,14.78,15.78,16.44,16.98,17.7,18.37
2/13/2013,14.75,15.82,16.53,17.02,17.61,18.18,18.87
2/14/2013,14.55,15.72,16.42,17.04,17.68,18.33,18.86
2/15/2013,14.5,15.62,16.39,17.09,17.74,18.39,19.03
2/19/2013,13.89,14.92,15.74,16.54,17.26,17.92,18.62
2/20/2013,15.39,15.97,16.55,17.14,17.78,18.39,19.02
2/21/2013,15.5,16.11,16.73,17.27,17.94,18.6,19.18
2/22/2013,14.84,15.66,16.43,17,17.7,18.24,18.92
2/25/2013,17.65,17.47,17.52,17.96,18.3,18.69,19.23
2/26/2013,17.06,17.32,17.58,17.9,18.32,18.66,19.27
2/27/2013,15.43,16.08,16.74,17.11,17.67,18.15,18.67
2/28/2013,16.14,16.67,17.02,17.49,17.93,18.38,18.92
3/1/2013,16.39,16.91,17.34,17.59,18.04,18.5,19.03
3/4/2013,14.99,15.82,16.52,17.13,17.74,18.18,18.82
3/5/2013,14.54,15.52,16.34,16.89,17.37,17.78,18.42
3/6/2013,14.7,15.52,16.31,16.83,17.43,17.83,18.32
3/7/2013,14.19,15.21,16.07,16.68,17.41,17.85,18.37
3/8/2013,13.8,15.07,16.02,16.63,17.28,17.73,18.23
3/11/2013,13,14.43,15.52,16.4,17.14,17.69,18.18
3/12/2013,13.24,14.77,15.79,16.53,17.28,17.85,18.34
3/13/2013,12.94,14.68,15.82,16.58,17.37,17.93,18.44
3/14/2013,12.54,14.58,15.72,16.52,17.22,17.83,18.38
3/15/2013,12.54,14.67,15.82,16.65,17.33,17.87,18.37
3/18/2013,13.68,15.38,16.34,16.93,17.65,18.08,18.64
3/19/2013,14.79,15.37,16.21,16.98,17.63,18.13,18.71
3/20/2013,14.48,15.93,16.7,17.47,18.09,18.7,19.04
3/21/2013,14.94,16.12,16.92,17.63,18.08,18.62,19.15
3/22/2013,14.8,15.96,16.88,17.6,18.2,18.74,19.19
3/25/2013,14.55,15.77,16.67,17.34,17.82,18.32,18.84
3/26/2013,14.19,15.57,16.53,17.24,17.73,18.33,18.78
3/27/2013,14.4,15.67,16.62,17.28,17.78,18.38,18.83
3/28/2013,14.19,15.56,16.57,17.33,17.84,18.42,18.88
4/1/2013,14.4,15.71,16.67,17.47,18.08,18.63,19.08
4/2/2013,13.8,15.22,16.34,17.12,17.78,18.37,18.83
4/3/2013,14.64,15.72,16.48,17.29,17.87,18.49,18.94
4/4/2013,14.25,15.51,16.47,17.21,17.81,18.4,18.86
4/5/2013,14.34,15.47,16.42,17.22,17.88,18.51,18.97
4/8/2013,13.65,15.06,16.02,16.76,17.39,18.12,18.62
4/9/2013,13.6,15.02,15.92,16.67,17.26,17.93,18.49
4/10/2013,13.11,14.48,15.52,16.31,17.07,17.72,18.23
4/11/2013,13.15,14.47,15.42,16.29,16.92,17.62,18.25
4/12/2013,12.75,14.11,15.28,15.96,16.67,17.41,18.02
4/15/2013,16.7,16.64,16.8,17.55,17.97,18.5,19.01
4/16/2013,13.95,14.75,15.67,16.33,16.98,17.73,18.29
4/17/2013,16.44,16.71,17.13,17.48,17.98,18.4,18.84
4/18/2013,17.19,17.46,17.86,18.24,18.6,18.84,19.24
4/19/2013,15.94,16.77,17.51,18.06,18.71,19.11,19.42
4/22/2013,15.3,16.07,16.93,17.48,18.12,18.61,18.99
4/23/2013,14.55,15.37,16.35,16.77,17.42,17.92,18.42
4/24/2013,14.65,15.37,16.21,16.73,17.43,17.93,18.38
4/25/2013,14.8,15.47,16.25,16.78,17.43,17.92,18.37
4/26/2013,14.77,15.6,16.37,16.92,17.48,17.88,18.32
4/29/2013,14.75,15.53,16.27,16.72,17.37,17.83,18.22
4/30/2013,14.42,15.37,16.22,16.73,17.22,17.67,18.03
5/1/2013,15.12,15.92,16.66,17.18,17.65,17.99,18.32
5/2/2013,14.53,15.48,16.37,16.88,17.5,17.9,18.23
5/3/2013,14.25,15.22,16.16,16.67,17.23,17.72,18.01
5/6/2013,13.88,14.93,15.86,16.49,16.98,17.35,17.74
5/7/2013,13.84,14.87,15.76,16.28,16.83,17.28,17.62
5/8/2013,13.98,15.08,15.91,16.44,16.93,17.36,17.72
5/9/2013,14.19,15.32,16.22,16.74,17.18,17.5,17.88
5/10/2013,13.84,15.08,16.16,16.77,17.27,17.74,18.03
5/13/2013,13.63,15.08,16.16,16.82,17.39,17.83,18.12
5/14/2013,13.54,15.03,16.06,16.77,17.33,17.78,18.09
5/15/2013,13.68,15.13,16.2,16.81,17.4,17.87,18.22
5/16/2013,13.93,15.33,16.3,16.91,17.56,18.02,18.49
5/17/2013,13.16,15.07,16.11,16.76,17.37,17.86,18.32
5/20/2013,13.28,15.08,16.21,16.92,17.58,18.02,18.54
5/21/2013,13.52,15.37,16.45,17.13,17.77,18.31,18.86
5/22/2013,15.27,16.39,17.12,17.72,18.23,18.74,18.83
5/23/2013,15.47,16.53,17.4,17.97,18.38,18.83,19.04
5/24/2013,15.48,16.47,17.25,17.93,18.38,18.83,18.98
5/28/2013,15.18,16.32,17.15,17.81,18.22,18.67,18.87
5/29/2013,15.37,16.39,17.1,17.76,18.2,18.66,18.87
5/30/2013,15.39,16.52,17.2,17.83,18.35,18.74,18.93
5/31/2013,16.03,17.11,17.77,18.33,18.76,19.06,19.28
6/3/2013,15.98,16.98,17.71,18.32,18.83,19.18,19.38
6/4/2013,16.09,17.07,17.76,18.37,18.86,19.22,19.43
6/5/2013,17.05,17.66,18.2,18.72,19.13,19.48,19.63
6/6/2013,16.53,17.23,17.95,18.53,19.03,19.38,19.51
6/7/2013,15.78,16.88,17.66,18.32,18.82,19.22,19.42
6/10/2013,15.59,16.68,17.45,18.07,18.57,18.97,19.18
6/11/2013,16.89,17.56,18.11,18.73,19.18,19.48,19.68
6/12/2013,18.23,18.53,18.76,19.33,19.73,20.03,20.24
6/13/2013,16.78,17.69,18.43,18.93,19.37,19.63,19.83
6/14/2013,17.52,18.28,18.85,19.38,19.84,20.13,20.33
6/17/2013,16.92,17.78,18.5,19.08,19.58,19.93,20.19
6/18/2013,16.76,17.63,18.3,18.97,19.53,19.87,20.18
6/19/2013,17.54,18.33,19.01,19.53,19.98,20.13,20.98
6/20/2013,19.59,19.43,20.03,20.39,20.63,20.85,21.54
6/21/2013,18.98,19.38,19.85,20.21,20.56,20.81,21.47
6/24/2013,20.12,20.28,20.8,20.98,21.18,21.33,21.99
6/25/2013,19.42,19.93,20.5,20.82,21.12,21.27,21.96
6/26/2013,18.83,19.58,20.35,20.76,21.08,21.38,22.02
6/27/2013,18.16,19.03,19.85,20.37,20.78,21.03,21.67
6/28/2013,18.03,18.89,19.81,20.33,20.68,20.98,21.68
7/1/2013,17.65,18.45,19.35,19.98,20.37,20.57,21.43
7/2/2013,17.58,18.43,19.45,20.07,20.47,20.81,21.57
7/3/2013,17.21,18.33,19.3,19.91,20.41,20.71,21.58
7/5/2013,15.9,17.42,18.7,19.45,19.92,20.39,21.17
7/8/2013,15.34,16.73,17.86,18.68,19.24,19.69,20.55
7/9/2013,15.08,16.64,17.75,18.51,19.03,19.52,20.38
7/10/2013,14.81,16.32,17.39,18.17,18.83,19.05,20.02
7/11/2013,14.46,16.04,17.15,17.85,18.46,18.89,19.76
7/12/2013,14.63,16.17,17.26,18.01,18.61,18.97,19.87
7/15/2013,14.02,15.73,16.9,17.71,18.3,18.7,19.49
7/16/2013,14.21,16.15,17.42,18.33,18.87,19.34,20.03
7/17/2013,15.55,16.93,17.81,18.41,18.87,19.66,20.13
7/18/2013,15.42,16.88,17.8,18.4,18.8,19.6,20.07
7/19/2013,14.86,16.48,17.5,18.22,18.72,19.45,20.02
7/22/2013,14.67,16.18,17.25,17.97,18.51,19.32,19.86
7/23/2013,14.62,16.12,17.15,17.87,18.42,19.17,19.67
7/24/2013,14.76,16.17,17.21,17.94,18.4,19.16,19.72
7/25/2013,14.47,15.87,16.91,17.6,18.22,18.96,19.51
7/26/2013,14.42,15.83,16.85,17.56,18.06,18.86,19.46
7/29/2013,14.63,15.93,16.85,17.57,18.12,18.82,19.43
7/30/2013,14.27,15.68,16.65,17.42,17.91,18.66,19.22
7/31/2013,13.87,15.38,16.3,17.01,17.63,18.32,18.87
8/1/2013,13.57,15.02,16,16.78,17.3,18.06,18.68
8/2/2013,13.13,14.62,15.7,16.48,17.04,17.84,18.42
8/5/2013,13.03,14.43,15.45,16.27,16.82,17.6,18.27
8/6/2013,13.37,14.82,15.86,16.62,17.16,17.95,18.57
8/7/2013,13.53,15.03,16,16.73,17.22,17.97,18.58
8/8/2013,13.22,14.81,15.86,16.57,17.14,17.87,18.43
8/9/2013,13.52,15.17,16.05,16.83,17.33,18.08,18.64
8/12/2013,13.32,14.96,16,16.82,17.33,18.03,18.57
8/13/2013,13.09,14.88,16.11,16.95,17.48,18.23,18.77
8/14/2013,13.33,15.13,16.31,17.16,17.73,18.43,18.98
8/15/2013,14.23,15.71,16.85,17.57,18.15,18.88,19.39
8/16/2013,14.44,15.57,16.67,17.4,17.95,18.7,19.27
8/19/2013,15.03,15.93,16.86,17.66,18.17,18.88,19.48
8/20/2013,14.98,15.64,16.66,17.41,17.91,18.62,19.19
8/21/2013,16.08,16.93,17.63,17.97,18.62,19.17,19.57
8/22/2013,15.43,16.38,17,17.42,18.07,18.62,19.07
8/23/2013,15.18,16.21,16.9,17.32,17.98,18.54,19.02
8/26/2013,15.84,16.67,17.3,17.69,18.4,18.89,19.34
8/27/2013,17.2,17.85,18.4,18.7,19.3,19.75,20.15
8/28/2013,17.34,17.93,18.35,18.69,19.34,19.79,20.23
8/29/2013,17.32,17.92,18.43,18.78,19.42,19.92,20.33
8/30/2013,17.47,18.12,18.6,18.93,19.56,19.96,20.43
9/3/2013,16.82,17.62,18.15,18.46,19.1,19.56,19.97
9/4/2013,16.69,17.53,18.05,18.32,19.02,19.48,19.87
9/5/2013,16.37,17.37,17.96,18.32,19.03,19.49,19.88
9/6/2013,16.49,17.48,18.15,18.4,19.06,19.57,19.97
9/9/2013,15.78,16.77,17.5,17.88,18.58,19.01,19.47
9/10/2013,15.13,16.32,17.1,17.36,18.19,18.77,19.19
9/11/2013,14.53,15.72,16.65,17.02,17.81,18.41,18.92
9/12/2013,14.78,15.77,16.65,17.13,17.9,18.48,18.98
9/13/2013,14.77,15.76,16.6,17.06,17.87,18.45,18.95
9/16/2013,14.68,15.53,16.4,16.87,17.67,18.21,18.77
9/17/2013,14.61,15.43,16.25,16.77,17.52,18.11,18.63
9/18/2013,14.69,15.91,16.37,17.12,17.72,18.22,18.57
9/19/2013,14.73,15.87,16.52,17.25,17.8,18.25,18.62
9/20/2013,14.98,16.12,16.75,17.62,18.27,18.79,19.12
9/23/2013,15.32,16.38,17.01,17.78,18.44,18.92,19.29
9/24/2013,15.03,16.23,16.8,17.61,18.32,18.82,19.17
9/25/2013,15.02,16.18,16.81,17.66,18.3,18.86,19.17
9/26/2013,14.78,15.92,16.5,17.42,18.08,18.62,18.97
9/27/2013,15.48,16.33,16.88,17.67,18.34,18.78,19.08
9/30/2013,16.18,16.88,17.32,18.01,18.64,19.09,19.38
10/1/2013,15.42,16.21,16.86,17.62,18.33,18.79,19.17
10/2/2013,16.36,16.88,17.22,17.98,18.58,19.03,19.33
10/3/2013,17.23,17.43,17.71,18.31,18.8,19.2,19.54
10/4/2013,16.77,16.99,17.3,18.1,18.67,19.07,19.39
10/7/2013,18.48,18.34,18.26,18.83,19.25,19.52,19.83
10/8/2013,19.38,19.08,18.93,19.54,19.94,20.24,20.48
10/9/2013,18.84,18.7,18.82,19.36,19.83,20.08,20.37
10/10/2013,16.38,16.85,17.43,18.17,18.76,19.11,19.47
10/11/2013,15.68,16.38,16.9,17.68,18.24,18.65,18.99
10/14/2013,15.87,16.62,17.17,17.88,18.34,18.63,19
10/15/2013,18.17,17.27,17.61,18.29,18.66,18.88,19.12
10/16/2013,15.55,16.53,17.42,18.01,18.45,18.86,19.22
10/17/2013,14.52,15.57,16.86,17.51,17.88,18.32,18.63
10/18/2013,14.33,15.24,16.51,17.29,17.75,18.16,18.52
10/21/2013,14.58,15.48,16.61,17.27,17.72,18.12,18.58
10/22/2013,14.59,15.52,16.71,17.42,17.83,18.27,18.67
10/23/2013,14.67,15.53,16.82,17.58,17.97,18.37,18.78
10/24/2013,14.45,15.43,16.67,17.44,17.88,18.32,18.72
10/25/2013,14.47,15.48,16.76,17.52,18.02,18.42,18.82
10/28/2013,14.55,15.48,16.81,17.62,18.1,18.52,18.92
10/29/2013,14.43,15.49,16.81,17.65,18.11,18.57,18.98
10/30/2013,14.54,15.54,16.86,17.66,18.16,18.62,19.02
10/31/2013,14.48,15.48,16.81,17.68,18.21,18.61,19.02
11/1/2013,14.44,15.58,16.86,17.76,18.32,18.72,19.17
11/4/2013,13.92,15.07,16.45,17.43,18.04,18.55,18.92
11/5/2013,13.98,15.18,16.56,17.52,18.12,18.62,19.04
11/6/2013,13.66,14.92,16.36,17.31,17.94,18.36,18.88
11/7/2013,14.22,15.38,16.72,17.61,18.22,18.71,19.14
11/8/2013,13.58,14.82,16.3,17.27,17.85,18.39,18.8
11/11/2013,13.27,14.73,16.41,17.4,18.05,18.49,18.89
11/12/2013,13.33,14.79,16.41,17.41,18.07,18.5,19.02
11/13/2013,13.24,14.62,16.41,17.46,18.21,18.65,19.17
11/14/2013,13.03,14.58,16.34,17.53,18.21,18.77,19.23
11/15/2013,12.93,14.32,16.26,17.43,18.16,18.72,19.18
11/18/2013,13.28,14.29,16.12,17.35,18.07,18.58,19.13
11/19/2013,13.58,14.48,16.37,17.52,18.16,18.66,19.13
11/20/2013,14.13,15.99,17.1,17.86,18.41,18.92,19.33
11/21/2013,13.68,15.49,16.66,17.41,17.95,18.5,18.93
11/22/2013,13.58,15.18,16.42,17.21,17.76,18.33,18.78
11/25/2013,13.62,15.02,16.26,17.06,17.68,18.28,18.74
11/26/2013,13.74,14.99,16.26,17.05,17.62,18.23,18.73
11/27/2013,13.85,15.09,16.26,17.06,17.68,18.23,18.74
11/29/2013,13.93,15.13,16.31,17.11,17.69,18.24,18.69
12/2/2013,14.29,15.18,16.26,17.07,17.56,18.18,18.61
12/3/2013,14.62,15.48,16.45,17.16,17.67,18.18,18.63
12/4/2013,14.23,15.38,16.4,17.11,17.57,18.09,18.53
12/5/2013,14.53,15.48,16.42,17.11,17.57,18.01,18.48
12/6/2013,13.95,14.99,15.99,16.7,17.22,17.77,18.22
12/9/2013,13.74,14.78,15.75,16.45,17.02,17.48,17.99
12/10/2013,13.93,14.88,15.85,16.57,17.06,17.58,18.02
12/11/2013,14.88,15.43,16.36,17.08,17.55,18.03,18.5
12/12/2013,15.38,15.48,16.43,17.05,17.59,18.05,18.54
12/13/2013,15.48,15.49,16.45,17.16,17.62,18.01,18.48
12/16/2013,15.87,15.74,16.56,17.26,17.72,18.12,18.49
12/17/2013,16.23,15.53,16.35,17.01,17.53,17.98,18.34
12/18/2013,14.49,15.54,16.32,16.86,17.31,17.82,18.28
12/19/2013,14.44,15.58,16.46,17.06,17.53,17.98,18.43
12/20/2013,14.44,15.43,16.31,16.92,17.42,17.86,18.39
12/23/2013,13.89,14.99,15.92,16.63,17.12,17.61,18.11
12/24/2013,13.39,14.58,15.61,16.28,16.73,17.17,17.75
12/26/2013,13.39,14.48,15.51,16.17,16.73,17.18,17.72
12/27/2013,13.68,14.63,15.62,16.27,16.82,17.23,17.78
12/30/2013,13.87,14.83,15.76,16.4,16.92,17.37,17.93
12/31/2013,13.91,14.73,15.56,16.22,16.76,17.21,17.66
1/2/2014,14.17,15.03,15.86,16.47,16.97,17.43,17.94
1/3/2014,14.03,14.87,15.76,16.37,16.92,17.31,17.87
1/6/2014,13.87,14.72,15.5,16.16,16.67,17.12,17.67
1/7/2014,13.64,14.43,15.26,15.86,16.37,16.86,17.37
1/8/2014,13.69,14.43,15.21,15.82,16.39,16.78,17.34
1/9/2014,13.63,14.53,15.31,15.91,16.47,16.93,17.41
1/10/2014,13.23,14.28,15.16,15.76,16.37,16.76,17.31
1/13/2014,13.77,14.52,15.36,15.97,16.63,17.09,17.65
1/14/2014,13.08,14.09,15.11,15.82,16.48,16.93,17.53
1/15/2014,13.13,14.13,15.11,15.86,16.52,17.07,17.62
1/16/2014,13.43,14.28,15.16,15.93,16.58,17.07,17.62
1/17/2014,13.42,14.24,15.26,16.02,16.67,17.22,17.72
1/21/2014,13.23,14.06,15.06,15.92,16.58,17.07,17.63
1/22/2014,13.82,14.79,15.52,16.21,16.72,17.23,17.67
1/23/2014,14.17,14.93,15.61,16.32,16.89,17.38,17.88
1/24/2014,16.21,16.2,16.74,17.22,17.68,18.17,18.6
1/27/2014,16.09,16.24,16.62,17.05,17.55,18.05,18.41
1/28/2014,15.19,15.53,16.06,16.56,17.06,17.61,18.01
1/29/2014,16.4,16.43,16.76,17.13,17.5,17.89,18.24
1/30/2014,16.65,16.58,16.86,17.31,17.67,18.06,18.4
1/31/2014,17.58,17.32,17.36,17.62,17.81,18.18,18.5
2/3/2014,19.17,18.59,18.44,18.51,18.65,18.91,19.11
2/4/2014,18.63,18.33,18.42,18.59,18.77,19.07,19.26
2/5/2014,19.1,18.7,18.82,18.95,19.21,19.5,19.72
2/6/2014,16.99,16.98,17.3,17.76,18.12,18.52,18.81
2/7/2014,15.47,15.88,16.47,16.93,17.38,17.85,18.14
2/10/2014,15.63,15.81,16.41,16.94,17.34,17.77,18.13
2/11/2014,15.01,15.26,15.92,16.47,16.88,17.38,17.72
2/12/2014,14.53,14.98,15.72,16.39,16.87,17.37,17.73
2/13/2014,14.59,14.95,15.63,16.33,16.77,17.22,17.57
2/14/2014,14.17,14.7,15.42,16.18,16.69,17.18,17.54
2/18/2014,14.22,14.44,15.06,15.87,16.38,16.9,17.18
2/19/2014,15.37,15.78,16.41,16.86,17.28,17.56,17.92
2/20/2014,14.91,15.38,16.01,16.6,17.06,17.37,17.77
2/21/2014,15.14,15.44,16.06,16.57,17.06,17.42,17.82
2/24/2014,14.96,15.39,16.01,16.56,17.08,17.47,17.93
2/25/2014,14.87,15.28,15.9,16.45,17.02,17.42,17.82
2/26/2014,15.27,15.64,16.25,16.82,17.31,17.68,18.08
2/27/2014,15.06,15.53,16.22,16.8,17.38,17.77,18.18
2/28/2014,15.23,15.69,16.37,16.98,17.48,17.88,18.28
3/3/2014,16.57,16.63,16.97,17.49,17.93,18.28,18.68
3/4/2014,15.08,15.58,16.33,16.93,17.46,17.81,18.21
3/5/2014,15.13,15.58,16.32,16.87,17.5,17.81,18.24
3/6/2014,15.02,15.54,16.21,16.81,17.38,17.71,18.06
3/7/2014,15.48,15.83,16.45,16.98,17.52,17.83,18.23
3/10/2014,15.27,15.89,16.45,17.02,17.53,17.83,18.18
3/11/2014,15.52,16.08,16.67,17.16,17.67,17.98,18.38
3/12/2014,15.27,15.93,16.58,17.13,17.68,17.98,18.38
3/13/2014,16.57,16.57,17.03,17.48,17.92,18.17,18.52
3/14/2014,17.67,17.08,17.24,17.62,18.02,18.29,18.61
3/17/2014,16.12,16.13,16.56,16.97,17.42,17.78,18.13
3/18/2014,15.57,16.23,16.77,17.28,17.58,17.98,18.28
3/19/2014,15.97,16.48,16.92,17.38,17.67,17.98,18.34
3/20/2014,15.72,16.18,16.68,17.15,17.52,17.86,18.16
3/21/2014,15.95,16.4,16.92,17.35,17.6,17.95,18.3
3/24/2014,15.9,16.4,16.9,17.35,17.65,17.98,18.3
3/25/2014,15.65,16.25,16.8,17.35,17.7,18.03,18.35
3/26/2014,16.05,16.62,17.13,17.6,17.85,18.15,18.45
3/27/2014,15.7,16.4,16.95,17.45,17.75,18.1,18.35
3/28/2014,15.55,16.2,16.8,17.35,17.63,18,18.3
3/31/2014,15.15,15.85,16.35,16.9,17.35,17.75,18.05
4/1/2014,14.45,15.4,16.03,16.6,17.05,17.5,17.8
4/2/2014,14.58,15.52,16.1,16.7,17.12,17.54,17.9
4/3/2014,14.45,15.35,15.95,16.55,16.95,17.35,17.7
4/4/2014,14.85,15.7,16.25,16.8,17.05,17.5,17.8
4/7/2014,15.5,15.95,16.45,16.9,17.25,17.65,18
4/8/2014,15.15,15.7,16.25,16.75,17.1,17.48,17.85
4/9/2014,14.5,15.45,15.95,16.6,16.95,17.34,17.7
4/10/2014,15.85,16.2,16.53,16.98,17.3,17.65,18
4/11/2014,16.85,16.6,16.85,17.15,17.45,17.85,18.2
4/14/2014,16.2,16.6,16.85,17.25,17.5,17.85,18.2
4/15/2014,15.65,16.4,16.65,17.1,17.4,17.75,18.1
4/16/2014,15.85,16.3,16.75,17.1,17.45,17.77,18
4/17/2014,15.55,16.05,16.65,17,17.45,17.75,18
4/21/2014,15.4,16,16.65,17,17.45,17.8,18.05
4/22/2014,15.2,15.8,16.45,17,17.39,17.75,17.95
4/23/2014,15.35,15.8,16.45,17,17.45,17.87,18.1
4/24/2014,15.5,16.05,16.55,17,17.4,17.75,18.05
4/25/2014,15.6,16.15,16.65,17.1,17.5,17.8,18.05
4/28/2014,15.2,15.85,16.35,16.75,17.26,17.64,17.85
4/29/2014,15,15.68,16.2,16.68,17.15,17.55,17.72
4/30/2014,15,15.7,16.23,16.65,17.15,17.55,17.8
5/1/2014,14.9,15.7,16.2,16.65,17.15,17.5,17.75
5/2/2014,14.9,15.8,16.3,16.75,17.25,17.6,17.9
5/5/2014,14.6,15.55,16.05,16.55,17.1,17.5,17.75
5/6/2014,14.74,15.79,16.29,16.71,17.17,17.62,17.87
5/7/2014,14.39,15.43,15.98,16.48,16.98,17.37,17.67
5/8/2014,14.44,15.42,16,16.45,16.95,17.35,17.65
5/9/2014,14.05,15.2,15.75,16.3,16.75,17.1,17.45
5/12/2014,13.5,14.8,15.4,16.05,16.58,16.95,17.25
5/13/2014,13.5,14.8,15.45,16.05,16.6,16.99,17.26
5/14/2014,13.2,14.7,15.45,16.1,16.6,17.05,17.35
5/15/2014,13.7,14.9,15.55,16.15,16.6,17.05,17.4
5/16/2014,13.25,14.65,15.35,16,16.55,16.95,17.3
5/19/2014,13,14.35,15.09,15.75,16.3,16.75,17.1
5/20/2014,13.05,14.35,15.15,15.8,16.3,16.75,17.1
5/21/2014,14.1,15,15.6,16.15,16.7,17,17.1
5/22/2014,14.04,15.05,15.7,16.3,16.8,17.1,17.3
5/23/2014,13.85,15,15.75,16.3,16.85,17.15,17.3
5/27/2014,13.45,14.61,15.39,16.1,16.65,16.95,17.15
5/28/2014,13.45,14.7,15.5,16.2,16.75,17.1,17.3
5/29/2014,13.25,14.65,15.45,16.2,16.7,17.1,17.25
5/30/2014,13.35,14.75,15.55,16.25,16.85,17.25,17.45
6/2/2014,13.2,14.7,15.55,16.25,16.85,17.25,17.5
6/3/2014,13.3,14.71,15.5,16.3,16.8,17.2,17.45
6/4/2014,13.15,14.5,15.25,16.05,16.6,17.05,17.27
6/5/2014,12.65,14,14.9,15.73,16.35,16.77,16.99
6/6/2014,12,13.25,14.2,15.1,15.8,16.25,16.5
6/9/2014,12.2,13.45,14.35,15.25,15.9,16.35,16.6
6/10/2014,12.05,13.24,14.22,15.18,15.87,16.35,16.63
6/11/2014,12.45,13.48,14.38,15.3,16.03,16.48,16.77
6/12/2014,13.2,14.12,14.89,15.71,16.4,16.84,17.12
6/13/2014,12.9,13.8,14.55,15.5,16.15,16.6,16.9
6/16/2014,13,13.75,14.49,15.35,16.05,16.5,16.86
6/17/2014,12.35,13.44,14.25,15.2,15.91,16.4,16.8
6/18/2014,12.65,13.65,14.7,15.45,16.01,16.35,16.95
6/19/2014,12.79,13.77,14.7,15.45,16.05,16.43,17.05
6/20/2014,12.9,13.9,14.75,15.6,16.15,16.55,17.15
6/23/2014,12.55,13.65,14.6,15.45,15.95,16.35,17
6/24/2014,13.05,13.9,14.75,15.55,16.12,16.45,17.15
6/25/2014,12.62,13.55,14.45,15.28,15.85,16.3,16.95
6/26/2014,12.75,13.55,14.45,15.15,15.75,16.14,16.85
6/27/2014,12.6,13.45,14.38,15.22,15.79,16.15,16.9
6/30/2014,12.45,13.3,14.19,15,15.6,15.97,16.7
7/1/2014,12.1,13,13.9,14.8,15.4,15.8,16.55
7/2/2014,11.95,12.87,13.78,14.59,15.2,15.6,16.35
7/3/2014,11.8,12.75,13.67,14.5,15.04,15.45,16.17
7/7/2014,12.1,13.05,13.85,14.75,15.3,15.65,16.45
7/8/2014,12.35,13.1,13.9,14.7,15.3,15.65,16.45
7/9/2014,12.25,12.83,13.68,14.52,15.15,15.55,16.3
7/10/2014,13,13.35,14,14.75,15.25,15.6,16.34
7/11/2014,12.65,13.2,13.9,14.6,15.15,15.55,16.25
7/14/2014,12.05,12.7,13.4,14.2,14.85,15.2,15.95
7/15/2014,12.2,12.95,13.6,14.3,14.85,15.2,16
7/16/2014,12.7,13.55,14.35,14.95,15.3,16.05,16.51
7/17/2014,13.7,14.2,14.75,15.25,15.5,16.16,16.7
7/18/2014,13,13.66,14.37,14.95,15.25,15.95,16.5
7/21/2014,13.4,13.91,14.49,15.01,15.35,16.05,16.65
7/22/2014,13,13.65,14.32,14.9,15.25,15.98,16.55
7/23/2014,13.05,13.85,14.45,15.1,15.4,16.1,16.7
7/24/2014,13.17,14.01,14.64,15.18,15.5,16.2,16.72
7/25/2014,13.5,14.25,14.85,15.3,15.6,16.29,16.81
7/28/2014,13.35,14.1,14.71,15.2,15.5,16.2,16.75
7/29/2014,13.45,14.15,14.65,15.15,15.4,16.1,16.7
7/30/2014,13.55,14.3,14.75,15.2,15.45,16.15,16.75
7/31/2014,15.2,15.5,15.75,16.05,16.2,16.8,17.35
8/1/2014,16.05,16.1,16.25,16.55,16.7,17.3,17.85
8/4/2014,14.95,15.3,15.65,16.05,16.25,16.95,17.45
8/5/2014,16.15,16.2,16.45,16.76,16.88,17.45,17.95
8/6/2014,16.15,16.25,16.5,16.85,17.03,17.64,18.1
8/7/2014,16.65,16.6,16.91,17.25,17.35,17.95,18.45
8/8/2014,15.97,16.1,16.45,16.9,17.05,17.65,18.15
8/11/2014,14.75,15.28,15.75,16.25,16.5,17.2,17.75
8/12/2014,14.65,15.15,15.65,16.15,16.43,17.1,17.64
8/13/2014,13.55,14.35,15,15.7,16.05,16.7,17.3
8/14/2014,12.92,13.85,14.55,15.2,15.62,16.33,16.85
8/15/2014,13.2,13.92,14.5,15.2,15.55,16.3,16.85
8/18/2014,12.55,13.35,14.1,14.75,15.2,16,16.55
8/19/2014,12.2,13.45,14.1,14.65,15.1,15.89,16.45
8/20/2014,13.5,14.2,14.8,15.18,15.88,16.45,16.85
8/21/2014,13.38,14.13,14.77,15.15,15.95,16.45,16.9
8/22/2014,13.45,14.25,14.8,15.25,15.95,16.55,16.92
8/25/2014,13.35,14.1,14.8,15.2,15.95,16.5,16.9
8/26/2014,13.45,14.3,14.95,15.35,16.13,16.67,17.1
8/27/2014,13.53,14.4,15,15.48,16.25,16.85,17.25
8/28/2014,13.6,14.4,15.05,15.49,16.29,16.8,17.2
8/29/2014,13.8,14.5,15.16,15.5,16.25,16.75,17.2
9/2/2014,13.75,14.65,15.28,15.65,16.35,16.88,17.25
9/3/2014,13.5,14.45,15.1,15.55,16.3,16.85,17.2
9/4/2014,13.55,14.4,15.05,15.5,16.25,16.75,17.15
9/5/2014,13.2,14.15,14.85,15.25,16,16.5,16.9
9/8/2014,13.32,14.24,14.85,15.2,15.95,16.48,16.9
9/9/2014,13.85,14.5,15.03,15.38,16.05,16.65,17.05
9/10/2014,13.7,14.45,15,15.35,16.1,16.61,17.02
9/11/2014,13.55,14.45,15,15.35,16.1,16.6,17.05
9/12/2014,14.05,14.75,15.25,15.55,16.3,16.78,17.2
9/15/2014,14.4,15.15,15.6,15.9,16.55,17,17.45
9/16/2014,13,14.35,14.95,15.4,16.15,16.7,17.1
9/17/2014,14.25,14.9,15.39,16.1,16.65,17.1,17.5
9/18/2014,14.05,14.75,15.3,16.05,16.65,17,17.41
9/19/2014,14.1,14.85,15.35,16.1,16.65,17.1,17.55
9/22/2014,14.9,15.4,15.75,16.4,16.9,17.25,17.7
9/23/2014,15.35,15.85,16.2,16.8,17.3,17.6,18
9/24/2014,14.6,15.3,15.75,16.5,17.05,17.45,17.8
9/25/2014,15.75,16.05,16.35,16.9,17.35,17.7,18.05
9/26/2014,15.3,15.85,16.1,16.8,17.35,17.65,17.99
9/29/2014,16.25,16.5,16.75,17.3,17.75,18.1,18.5
9/30/2014,16.3,16.6,16.8,17.4,17.85,18.2,18.6
10/1/2014,16.85,17,17.2,17.8,18.26,18.62,18.97
10/2/2014,16.5,16.75,17.03,17.6,18.1,18.45,18.85
10/3/2014,15.15,15.75,16.14,16.85,17.3,17.7,18.05
10/6/2014,15.72,16.18,16.48,17.13,17.6,17.95,18.4
10/7/2014,17.1,17.2,17.3,17.85,18.3,18.6,19
10/8/2014,15.25,15.65,16,16.75,17.3,17.65,18.05
10/9/2014,17.15,16.99,17.05,17.6,18.05,18.4,18.75
10/10/2014,19.8,18.6,18.45,18.8,19.15,19.43,19.72
10/13/2014,22.75,20.85,19.95,20.05,20.21,20.35,20.65
10/14/2014,20.9,19.7,19.13,19.3,19.55,19.7,19.95
10/15/2014,23.93,22.1,21,20.85,20.85,20.85,21.15
10/16/2014,22.27,21.05,20.12,20.15,20.35,20.45,20.65
10/17/2014,21,19.9,19.25,19.4,19.55,19.7,19.95
10/20/2014,18.5,18.3,18.35,18.72,19.1,19.3,19.6
10/21/2014,16.35,16.9,17.2,17.85,18.35,18.55,18.9
10/22/2014,18.05,18,18.57,18.85,19,19.35,19.5
10/23/2014,17.25,17.25,17.9,18.35,18.55,18.9,19.1
10/24/2014,16.95,17.05,17.75,18.1,18.3,18.65,18.9
10/27/2014,16.95,16.8,17.45,17.93,18.14,18.5,18.7
10/28/2014,15.65,15.9,16.62,17.2,17.45,17.85,18.1
10/29/2014,16.25,16.3,17,17.45,17.7,18.06,18.35
10/30/2014,16.1,16.3,17,17.55,17.75,18.15,18.4
10/31/2014,15.75,16.05,16.81,17.35,17.7,18.13,18.41
11/3/2014,15.95,16.25,17,17.58,17.9,18.25,18.55
11/4/2014,15.85,16.2,17.05,17.6,17.9,18.3,18.6
11/5/2014,15.27,15.9,16.74,17.35,17.7,18.09,18.4
11/6/2014,14.85,15.45,16.3,16.95,17.4,17.8,18.1
11/7/2014,14.8,15.5,16.35,17,17.4,17.8,18.2
11/10/2014,14,14.9,15.9,16.5,16.95,17.4,17.75
11/11/2014,14.1,14.85,15.67,16.37,16.75,17.26,17.62
11/12/2014,14.4,15.2,15.95,16.55,16.95,17.45,17.85
11/13/2014,14.7,15.5,16.25,16.9,17.3,17.8,18.15
11/14/2014,14.3,15.3,15.95,16.65,17.05,17.51,17.9
11/17/2014,14.35,15.3,15.95,16.65,17.1,17.55,17.95
11/18/2014,14,15.25,15.99,16.65,17.15,17.6,18
11/19/2014,13.95,15.5,16.25,16.89,17.32,17.79,18.15
11/20/2014,15.15,16,16.75,17.15,17.65,18.06,18.35
11/21/2014,14.9,16.05,16.75,17.15,17.7,18.05,18.35
11/24/2014,14.55,15.8,16.65,17.1,17.65,18,18.35
11/25/2014,14.45,15.75,16.7,17.15,17.7,18.15,18.45
11/26/2014,14.2,15.6,16.55,17.05,17.65,18.05,18.35
11/28/2014,14.84,15.95,16.75,17.2,17.71,18.1,18.4
12/1/2014,15.6,16.6,17.32,17.7,18.2,18.5,18.8
12/2/2014,14.21,15.54,16.43,16.95,17.45,17.8,18.1
12/3/2014,14.24,15.62,16.47,16.94,17.46,17.9,18.2
12/4/2014,13.95,15.45,16.33,16.8,17.35,17.75,18.05
12/5/2014,13.55,15.31,16.25,16.8,17.35,17.72,18.05
12/8/2014,14.7,16.11,16.85,17.3,17.8,18.2,18.5
12/9/2014,14.95,16.1,16.8,17.25,17.8,18.15,18.45
12/10/2014,17.4,17.7,18.1,18.3,18.75,19,19.25
12/11/2014,19.1,19.15,19.22,19.3,19.6,19.8,20.05
12/12/2014,19.6,19.15,19.4,19.5,19.8,19.95,20.2
12/15/2014,19.6,18.74,19.12,19.3,19.65,19.87,20.15
12/16/2014,23.1,20.05,20.06,20,20.2,20.35,20.65
12/17/2014,22.3,17.6,18.1,18.25,18.7,19,19.25
12/18/2014,17.18,17.55,17.78,18.13,18.4,18.65,19.05
12/19/2014,16.55,17.2,17.5,17.9,18.17,18.4,18.64
12/22/2014,16.4,17.03,17.37,17.75,18,18.35,18.63
12/23/2014,15.95,16.75,17.26,17.74,18.05,18.35,18.7
12/24/2014,16.2,16.91,17.4,17.84,18.22,18.52,18.87
12/26/2014,15.85,16.5,17,17.6,18,18.3,18.7
12/29/2014,16.1,16.7,17.13,17.6,18.02,18.34,18.7
12/30/2014,16.45,17,17.35,17.8,18.15,18.45,18.85
12/31/2014,18.05,18.21,18.37,18.6,18.85,19.14,19.46
1/2/2015,17.85,18.2,18.45,18.75,19.05,19.3,19.6
1/5/2015,19.11,19.2,19.3,19.6,19.76,19.9,20.2
1/6/2015,19.85,19.66,19.64,19.8,19.9,20.1,20.45
1/7/2015,18.83,18.73,18.81,19.1,19.33,19.52,19.8
1/8/2015,17.7,17.75,18,18.25,18.5,18.75,19.15
1/9/2015,18.65,18.65,18.75,19.1,19.25,19.4,19.7
1/12/2015,19.6,19.4,19.3,19.45,19.6,19.7,19.95
1/13/2015,20.2,19.74,19.6,19.7,19.8,19.9,20.2
1/14/2015,20.6,19.9,19.6,19.7,19.8,19.9,20.2
1/15/2015,21.5,20.8,20.38,20.35,20.33,20.35,20.55
1/16/2015,20.65,20.15,20.05,20.1,20.2,20.2,20.5
1/20/2015,20.15,20.1,20.05,20.1,20.2,20.25,20.45
1/21/2015,20.6,18.85,19.05,19.3,19.5,19.6,19.8
1/22/2015,17.85,18.1,18.6,18.8,19.1,19.35,19.45
1/23/2015,18.35,18.53,18.9,19.1,19.36,19.6,19.75
1/26/2015,17.23,17.63,18.16,18.5,18.9,19.2,19.4
1/27/2015,17.85,18.05,18.5,18.85,19.15,19.45,19.6
1/28/2015,20.5,20.15,20.3,20.4,20.6,20.8,20.91
1/29/2015,19.1,18.89,19.16,19.35,19.65,19.85,20
1/30/2015,21.05,20.3,20.29,20.35,20.45,20.65,20.7
2/2/2015,20,19.65,19.75,19.85,20,20.2,20.33
2/3/2015,18.85,19.05,19.4,19.55,19.75,20,20.1
2/4/2015,19.8,19.83,20.05,20.15,20.25,20.45,20.6
2/5/2015,18.7,19.05,19.44,19.63,19.8,20.05,20.15
2/6/2015,19.15,19.57,19.8,19.85,20.05,20.2,20.3
2/9/2015,19.65,19.95,20.15,20.3,20.45,20.55,20.65
2/10/2015,18.55,19.1,19.52,19.75,20,20.15,20.25
2/11/2015,18.4,19.1,19.48,19.7,19.85,20.1,20.15
2/12/2015,16.9,18.25,18.75,19.15,19.36,19.7,19.85
2/13/2015,16.45,18.1,18.5,18.85,19.1,19.4,19.6
2/17/2015,16.2,18.25,18.75,19.05,19.39,19.6,19.75
2/18/2015,16.1,17.9,18.6,19,19.25,19.57,19.74
2/19/2015,17.6,18.5,18.9,19.3,19.61,19.77,20
2/20/2015,16.9,17.85,18.4,18.8,19.25,19.35,19.65
2/23/2015,17.05,18,18.52,18.85,19.27,19.44,19.75
2/24/2015,16.1,17.3,17.89,18.25,18.65,18.9,19.2
2/25/2015,16.4,17.65,18.15,18.45,18.85,19,19.35
2/26/2015,16,17.45,17.9,18.3,18.6,18.83,19.12
2/27/2015,15.85,17.4,17.8,18.16,18.54,18.7,19
3/2/2015,15.3,16.95,17.42,17.75,18.15,18.38,18.68
3/3/2015,15.79,17.3,17.7,18,18.4,18.5,18.8
3/4/2015,15.75,17.35,17.7,17.9,18.3,18.48,18.75
3/5/2015,15.35,17.05,17.5,17.7,18.12,18.31,18.6
3/6/2015,16.2,17.8,18,18.15,18.45,18.6,18.85
3/9/2015,15.8,17.6,17.9,18.1,18.4,18.55,18.85
3/10/2015,16.95,18.4,18.55,18.7,18.9,19.05,19.4
3/11/2015,17.25,18.55,18.8,18.95,19.15,19.3,19.6
3/12/2015,15.85,17.45,17.95,18.2,18.55,18.7,19.05
3/13/2015,16.4,17.9,18.25,18.45,18.75,18.95,19.27
3/16/2015,16.15,17.45,18,18.2,18.5,18.7,19
3/17/2015,15.6,17.4,17.95,18.2,18.5,18.65,19
3/18/2015,16.05,16.5,17.5,17.8,18.2,18.4,18.7
3/19/2015,16.55,17.65,18,18.4,18.6,18.95,19.15
3/20/2015,16.15,17.65,18.05,18.45,18.6,18.95,19.2
3/23/2015,16.1,17.65,18.05,18.35,18.55,18.85,19.15
3/24/2015,15.85,17.55,18,18.35,18.6,18.9,19.15
3/25/2015,16.6,18.07,18.45,18.75,18.95,19.2,19.4
3/26/2015,16.5,17.82,18.25,18.6,18.8,19.05,19.3
3/27/2015,16.25,17.7,18.15,18.55,18.76,19.11,19.3
3/30/2015,15.8,17.35,17.94,18.45,18.67,19,19.3
3/31/2015,16.3,17.85,18.35,18.69,18.85,19.2,19.45
4/1/2015,16.05,17.65,18.25,18.65,18.91,19.25,19.5
4/2/2015,15.65,17.45,18.14,18.62,18.88,19.2,19.5
4/3/2015,15.625,17.475,18.125,18.625,18.875,19.225,19.525
4/6/2015,15.3,17.1,17.8,18.25,18.5,18.94,19.3
4/7/2015,15.25,17.05,17.75,18.25,18.5,18.84,19.2
4/8/2015,14.8,16.74,17.57,18.1,18.45,18.85,19.15
4/9/2015,14.1,16.15,17.15,17.74,18.1,18.55,18.95
4/10/2015,13.4,15.4,16.45,17.15,17.62,18.05,18.5
4/13/2015,14.35,16.05,17,17.6,17.96,18.35,18.8
4/14/2015,13.55,15.6,16.75,17.45,17.9,18.35,18.8
4/15/2015,13.25,15.3,16.55,17.3,17.8,18.3,18.75
4/16/2015,15.15,16.5,17.3,17.75,18.2,18.65,18.9
4/17/2015,15.65,16.9,17.65,18.05,18.5,18.85,19.11
4/20/2015,15.15,16.6,17.4,17.8,18.28,18.65,18.95
4/21/2015,15.1,16.55,17.3,17.75,18.2,18.67,18.93
4/22/2015,14.94,16.34,17.16,17.55,18.15,18.55,18.9
4/23/2015,14.75,16.15,17.05,17.5,18.01,18.5,18.75
4/24/2015,14.65,16.16,17.04,17.49,18.01,18.45,18.7
4/27/2015,15.15,16.45,17.24,17.65,18.2,18.65,18.89
4/28/2015,14.5,15.95,16.8,17.3,17.85,18.35,18.5
4/29/2015,15.05,16.45,17.25,17.65,18.25,18.65,18.95
4/30/2015,15.5,16.65,17.35,17.75,18.31,18.7,18.95
5/1/2015,14.45,15.95,16.8,17.25,17.9,18.35,18.65
5/4/2015,14.45,15.95,16.75,17.26,17.85,18.35,18.61
5/5/2015,15.25,16.55,17.22,17.6,18.1,18.5,18.8
5/6/2015,15.7,16.7,17.35,17.75,18.2,18.6,18.85
5/7/2015,15.4,16.5,17.15,17.55,18.1,18.55,18.85
5/8/2015,14.4,15.9,16.8,17.25,17.85,18.3,18.55
5/11/2015,14.9,16.4,17.15,17.58,18.15,18.5,18.82
5/12/2015,14.65,16.15,16.95,17.4,17.95,18.4,18.75
5/13/2015,14.35,15.9,16.8,17.27,17.85,18.2,18.53
5/14/2015,13.73,15.6,16.59,17.14,17.72,18.15,18.5
5/15/2015,13.65,15.5,16.45,17,17.6,18.1,18.4
5/18/2015,13.25,15,16,16.65,17.2,17.65,18
5/19/2015,13.15,14.9,15.9,16.5,17.05,17.6,17.9
5/20/2015,13.11,14.9,15.95,16.54,17.1,17.6,17.95
5/21/2015,14.35,15.5,16.15,16.75,17.3,17.65,17.9
5/22/2015,14.45,15.7,16.4,16.95,17.5,17.85,18.1
5/26/2015,14.95,15.96,16.54,17.05,17.55,17.9,18.1
5/27/2015,14.55,15.7,16.35,16.95,17.4,17.8,18
5/28/2015,14.5,15.7,16.3,17,17.5,17.85,18.05
5/29/2015,14.65,15.8,16.45,17,17.5,17.85,18.1
6/1/2015,14.6,15.76,16.39,16.94,17.46,17.8,18
6/2/2015,14.9,16.05,16.62,17.2,17.7,18,18.25
6/3/2015,14.4,15.65,16.32,16.9,17.45,17.85,18.03
6/4/2015,14.95,16.1,16.7,17.25,17.75,18.09,18.26
6/5/2015,14.75,16,16.65,17.3,17.75,18.1,18.35
6/8/2015,15.2,16.25,16.85,17.44,17.93,18.27,18.45
6/9/2015,14.85,16.05,16.69,17.34,17.87,18.25,18.35
6/10/2015,13.9,15.41,16.19,16.85,17.4,17.75,18
6/11/2015,13.53,15.13,15.9,16.65,17.25,17.65,17.9
6/12/2015,14.15,15.4,16.1,16.8,17.4,17.75,17.95
6/15/2015,15.5,16,16.58,17.15,17.75,18.1,18.3
6/16/2015,14.9,15.6,16.35,17,17.55,17.9,18.15
6/17/2015,14.85,15.65,16.4,17.01,17.54,17.91,18.05
6/18/2015,14.99,15.9,16.6,17.23,17.63,17.8,18.46
6/19/2015,15.45,16.35,16.95,17.5,17.82,18,18.61
6/22/2015,14.55,15.55,16.34,16.9,17.34,17.56,18.18
6/23/2015,14.1,15.25,16.1,16.7,17.18,17.42,18.05
6/24/2015,14.58,15.62,16.37,16.95,17.33,17.52,18.15
6/25/2015,14.65,15.62,16.33,16.95,17.3,17.55,18.18
6/26/2015,14.55,15.46,16.2,16.75,17.15,17.35,18.05
6/29/2015,17.4,17.42,17.68,17.93,18.17,18.24,18.82
6/30/2015,17.33,17.4,17.6,17.9,18.1,18.15,18.7
7/1/2015,15.92,16.19,16.6,16.95,17.25,17.4,17.97
7/2/2015,16.9,17.02,17.32,17.5,17.75,17.8,18.35
7/6/2015,17.25,17.4,17.65,17.9,18.05,18.1,18.65
7/7/2015,16.35,16.68,17.09,17.41,17.65,17.75,18.3
7/8/2015,18.45,18.2,18.24,18.32,18.42,18.4,18.9
7/9/2015,18.84,18.66,18.65,18.69,18.75,18.75,19.22
7/10/2015,16.75,17.15,17.56,17.85,18.05,18.12,18.65
7/13/2015,14.47,15.58,16.2,16.7,17.02,17.18,17.85
7/14/2015,14.09,15.56,16.3,16.82,17.1,17.3,17.9
7/15/2015,13.96,15.38,16.07,16.6,16.9,17.15,17.75
7/16/2015,12.93,14.48,15.4,16.15,16.6,16.8,17.45
7/17/2015,12.9,14.44,15.41,16.1,16.57,16.8,17.5
7/20/2015,12.53,14.23,15.2,15.9,16.35,16.65,17.4
7/21/2015,12.4,14.2,15.2,16,16.5,16.75,17.45
7/22/2015,12.95,14.2,15.3,16.1,16.55,16.9,17.5
7/23/2015,14.25,15.42,16.18,16.6,16.9,17.5,17.9
7/24/2015,14.95,15.75,16.46,16.8,17.1,17.65,18.15
7/27/2015,15.78,16.33,16.75,17.05,17.25,17.85,18.26
7/28/2015,14.4,15.5,16.15,16.55,16.8,17.55,17.95
7/29/2015,14.05,15.35,16.15,16.6,16.9,17.5,17.92
7/30/2015,13.95,15.31,16.09,16.55,16.8,17.49,17.88
7/31/2015,14,15.3,16.1,16.55,16.85,17.45,17.85
8/3/2015,13.9,15.1,15.85,16.3,16.6,17.25,17.75
8/4/2015,14.15,15.25,16,16.45,16.75,17.35,17.8
8/5/2015,13.95,15.2,15.94,16.4,16.7,17.3,17.75
8/6/2015,14.5,15.4,16.1,16.5,16.8,17.4,17.85
8/7/2015,14.25,15.2,15.9,16.3,16.6,17.25,17.75
8/10/2015,13.59,14.86,15.7,16.15,16.45,17.18,17.62
8/11/2015,14.5,15.45,16.1,16.5,16.85,17.45,17.9
8/12/2015,14.3,15.25,16,16.5,16.75,17.35,17.79
8/13/2015,14.15,15.05,15.85,16.35,16.6,17.35,17.74
8/14/2015,14.29,15.1,15.8,16.35,16.55,17.25,17.65
8/17/2015,13.85,15,15.75,16.2,16.6,17.2,17.7
8/18/2015,14.3,15.2,16.05,16.49,16.8,17.35,17.81
8/19/2015,14.45,15.7,16.3,16.75,16.95,17.55,17.95
8/20/2015,17.3,17.35,17.5,17.6,18.15,18.5,18.7
8/21/2015,19.9,18.65,18.35,18.25,18.7,19.05,19.17
8/24/2015,25.15,22.5,21.3,20.67,20.63,20.6,20.66
8/25/2015,25.35,22.6,21.47,20.75,20.75,20.83,20.83
8/26/2015,23.7,21.5,20.7,20.1,20.15,20.2,20.25
8/27/2015,24.2,21.5,20.73,20.15,20.34,20.43,20.45
8/28/2015,24.4,21.85,21.4,21,21.15,21.25,21.22
8/31/2015,26.45,23.45,22.6,22.1,22.25,22.3,22.3
9/1/2015,29.7,25.85,24.65,23.9,23.98,23.97,23.88
9/2/2015,25.95,23.85,23.25,22.75,22.9,23.05,22.95
9/3/2015,25.65,23.9,23.35,22.9,23.1,23.2,23.15
9/4/2015,27.95,25.8,24.75,24,23.9,23.9,23.8
9/8/2015,24.6,23.6,23.2,22.65,22.85,22.9,22.85
9/9/2015,25.85,24.2,23.65,23,23.15,23.1,23.05
9/10/2015,24.65,23.4,23,22.55,22.65,22.8,22.8
9/11/2015,23.75,22.95,22.7,22.3,22.6,22.65,22.7
9/14/2015,23.7,22.9,22.65,22.4,22.5,22.55,22.6
9/15/2015,22.45,20.45,20.63,20.62,20.95,21.17,21.26
9/16/2015,22.4,19,19.3,19.25,19.6,19.95,20.05
9/17/2015,20.4,20.1,19.96,20.2,20.5,20.55,20.77
9/18/2015,21.5,20.95,20.8,21,21.15,21.25,21.45
9/21/2015,19.68,19.82,19.88,20.2,20.4,20.5,20.8
9/22/2015,21.75,21.14,20.9,21.05,21.25,21.3,21.5
9/23/2015,21.1,20.7,20.5,20.75,20.95,20.9,21.2
9/24/2015,21.9,21.19,20.97,21.2,21.4,21.4,21.65
9/25/2015,22.35,21.65,21.4,21.55,21.72,21.65,21.92
9/28/2015,24.05,22.73,22.15,22.25,22.3,22.25,22.44
9/29/2015,23.85,22.7,22.25,22.35,22.5,22.5,22.6
9/30/2015,23.02,22.14,21.78,22,22.2,22.2,22.45
10/1/2015,22.2,21.4,21.2,21.55,21.8,21.85,22.05
10/2/2015,21.05,20.5,20.44,20.75,21.1,21.2,21.5
10/5/2015,19.9,19.5,19.5,19.9,20.25,20.4,20.7
10/6/2015,20.3,19.95,19.95,20.35,20.55,20.73,21.05
10/7/2015,19.45,19.2,19.2,19.65,20.05,20.15,20.45
10/8/2015,18.45,18.53,18.8,19.25,19.7,19.85,20.15
10/9/2015,18.15,18.4,18.75,19.3,19.7,19.9,20.25
10/12/2015,16.7,17.2,17.66,18.35,18.79,19,19.45
10/13/2015,18.28,18.68,18.94,19.5,19.78,19.96,20.22
10/14/2015,18.32,18.72,19.12,19.74,20.06,20.21,20.58
10/15/2015,16.55,17.15,17.65,18.45,18.95,19.1,19.55
10/16/2015,16.1,17.1,17.74,18.55,18.97,19.2,19.58
10/19/2015,15.25,16,16.75,17.7,18.2,18.43,18.87
10/20/2015,16.1,17,17.6,18.45,18.9,19.1,19.5
10/21/2015,15.5,18.2,18.6,19.25,19.6,19.75,20.19
10/22/2015,16.05,16.81,17.69,18.18,18.42,18.87,19.11
10/23/2015,16.65,17.25,18.05,18.49,18.72,19.15,19.37
10/26/2015,16.9,17.5,18.33,18.79,19.03,19.47,19.7
10/27/2015,16.5,17.15,18.03,18.45,18.75,19.15,19.3
10/28/2015,16,16.8,17.7,18.2,18.43,18.83,19.04
10/29/2015,16.17,16.98,17.84,18.35,18.65,19.01,19.2
10/30/2015,16.65,17.3,18.18,18.65,18.87,19.29,19.5
11/2/2015,15.9,16.6,17.51,18.02,18.35,18.72,19
11/3/2015,16.13,16.93,17.8,18.25,18.5,18.98,19.17
11/4/2015,16.75,17.4,18.16,18.65,18.85,19.2,19.45
11/5/2015,16.05,16.8,17.7,18.2,18.54,18.95,19.2
11/6/2015,15.7,16.5,17.37,17.95,18.35,18.75,19
11/9/2015,17.04,17.47,18.09,18.55,18.75,19.15,19.35
11/10/2015,16.25,16.9,17.7,18.2,18.5,18.95,19.2
11/11/2015,16.8,17.4,18,18.5,18.8,19.19,19.45
11/12/2015,18.58,18.75,19.12,19.5,19.75,20.07,20.2
11/13/2015,20.34,19.87,20.15,20.35,20.5,20.7,20.85
11/16/2015,18.1,17.85,18.45,18.85,19.1,19.5,19.7
11/17/2015,18.95,18.55,18.77,19.18,19.4,19.82,20.02
11/18/2015,18.65,17.8,18.35,18.8,19,19.4,19.6
11/19/2015,18.15,18.85,19.29,19.45,19.83,20,20.2
11/20/2015,17.4,18.3,18.85,19.15,19.6,19.8,20.01
11/23/2015,17,17.8,18.45,18.79,19.26,19.47,19.75
11/24/2015,17.45,18.3,18.93,19.2,19.65,19.85,20.1
11/25/2015,16.8,17.75,18.55,18.9,19.38,19.63,19.9
11/27/2015,17.2,18.05,18.7,19,19.47,19.72,20
11/30/2015,17,17.8,18.46,18.75,19.25,19.48,19.75
12/1/2015,16.15,17.1,17.89,18.24,18.75,19,19.35
12/2/2015,16.8,17.55,18.2,18.5,19.05,19.3,19.56
12/3/2015,18.35,18.5,19.01,19.2,19.65,19.85,20.1
12/4/2015,16.25,17.3,18,18.35,18.88,19.13,19.4
12/7/2015,16.5,17.5,18.14,18.4,18.95,19.17,19.45
12/8/2015,17.8,18.3,18.77,18.95,19.45,19.7,19.9
12/9/2015,18.99,19.02,19.3,19.4,19.77,19.9,20.2
12/10/2015,19.35,19.1,19.48,19.65,20,20.2,20.4
12/11/2015,23.7,21.95,21.6,21.4,21.56,21.57,21.72
12/14/2015,22.45,20.42,20.45,20.43,20.65,20.82,21
12/15/2015,20.64,18.9,19.3,19.4,19.7,19.85,20.1
12/16/2015,19.9,18.1,18.7,18.94,19.33,19.55,19.75
12/17/2015,19.3,19.59,19.73,20.05,20.2,20.45,20.75
12/18/2015,20.4,20.57,20.6,20.83,20.95,21.15,21.4
12/21/2015,18.81,19.25,19.53,19.88,20.09,20.33,20.63
12/22/2015,17.85,18.45,18.8,19.29,19.5,19.77,20.15
12/23/2015,17.9,18.6,18.9,19.3,19.6,19.85,20.15
12/24/2015,18.25,18.85,19.1,19.5,19.68,19.9,20.22
12/28/2015,17.8,18.3,18.55,18.95,19.2,19.4,19.8
12/29/2015,17.5,18.05,18.33,18.7,18.95,19.25,19.65
12/30/2015,18.3,18.8,18.95,19.25,19.47,19.7,20.05
12/31/2015,18.5,18.85,19.03,19.35,19.45,19.8,20.1
1/4/2016,19.8,19.55,19.51,19.75,19.92,20.07,20.35
1/5/2016,19.45,19.3,19.22,19.5,19.6,19.83,20.15
1/6/2016,20.34,19.85,19.65,19.85,20,20.15,20.45
1/7/2016,23.54,21.76,21.15,21.1,21.05,21.1,21.33
1/8/2016,25.25,23.1,22.27,22.08,21.9,21.98,22.15
1/11/2016,23.45,21.95,21.55,21.6,21.6,21.75,22.05
1/12/2016,22.05,21.1,20.78,20.83,20.85,21,21.25
1/13/2016,24.75,23.15,22.53,22.35,22.25,22.3,22.5
1/14/2016,23.55,22.3,21.85,21.77,21.7,21.8,22.02
1/15/2016,26.5,24.35,23.62,23.3,23.05,23.02,23.1
1/19/2016,25.85,24.05,23.38,23.13,22.94,22.86,23
1/20/2016,28.3,24.7,23.9,23.56,23.2,23.18,23.15
1/21/2016,25.1,24.1,23.7,23.35,23.25,23.3,23.2
1/22/2016,22.7,22.2,22.06,21.88,21.95,22.07,22.1
1/25/2016,24,23.2,22.88,22.65,22.57,22.69,22.61
1/26/2016,22.95,22.2,22.1,21.9,21.93,22.11,22.1
1/27/2016,23.75,22.9,22.68,22.46,22.44,22.54,22.45
1/28/2016,23.25,22.45,22.3,22.1,22.12,22.26,22.2
1/29/2016,21.65,21.35,21.38,21.33,21.4,21.5,21.4
2/1/2016,21.55,21.2,21.25,21.1,21.18,21.34,21.35
2/2/2016,23.15,22.4,22.24,22.03,21.97,22.08,21.97
2/3/2016,22.75,22.2,22.07,21.85,21.87,21.99,21.9
2/4/2016,23.05,22.5,22.36,22.19,22.17,22.25,22.15
2/5/2016,24.12,23.09,22.83,22.6,22.57,22.7,22.55
2/8/2016,25.4,23.95,23.53,23.15,23.06,23.12,22.95
2/9/2016,26.1,24.5,23.95,23.58,23.45,23.45,23.3
2/10/2016,26.28,24.63,24.07,23.65,23.48,23.53,23.35
2/11/2016,28.15,25.8,25.25,24.75,24.49,24.47,24.23
2/12/2016,26.85,25.1,24.88,24.5,24.36,24.34,24.15
2/16/2016,24.72,23.85,23.87,23.73,23.7,23.75,23.6
2/17/2016,24.05,22.92,23.09,23.07,23.05,23.2,23.05
2/18/2016,22.8,23.18,23.25,23.2,23.34,23.16,23.4
2/19/2016,22.37,22.77,22.85,22.85,23.04,22.93,23.15
2/22/2016,21,21.6,21.89,22.03,22.28,22.3,22.6
2/23/2016,22.15,22.5,22.66,22.69,22.87,22.74,22.98
2/24/2016,21.75,22.15,22.31,22.45,22.65,22.55,22.8
2/25/2016,20.82,21.42,21.76,21.95,22.25,22.2,22.45
2/26/2016,21.5,21.8,22.08,22.25,22.5,22.35,22.7
2/29/2016,21.78,22.17,22.4,22.55,22.76,22.65,22.9
3/1/2016,19.4,20.3,20.82,21.19,21.5,21.5,21.8
3/2/2016,19.3,20.25,20.75,21.05,21.42,21.4,21.75
3/3/2016,18.35,19.5,20.09,20.45,20.85,20.87,21.25
3/4/2016,18.95,20,20.52,20.9,21.15,21.19,21.55
3/7/2016,18.6,19.8,20.32,20.65,21.01,21.03,21.4
3/8/2016,19.65,20.65,21.05,21.3,21.6,21.53,21.85
3/9/2016,19.1,20.15,20.6,20.95,21.32,21.3,21.7
3/10/2016,18.95,19.92,20.41,20.85,21.2,21.25,21.6
3/11/2016,17.65,19.05,19.75,20.25,20.75,20.8,21.2
3/14/2016,17.45,18.8,19.45,19.95,20.43,20.6,21
3/15/2016,16.9,19.05,19.79,20.33,20.75,20.9,21.27
3/16/2016,17,18.25,19.15,19.8,20.3,20.5,20.9
3/17/2016,17.78,18.8,19.5,20.1,20.25,20.67,20.85
3/18/2016,17.75,18.85,19.58,20.1,20.27,20.72,20.9
3/21/2016,17,18.37,19.17,19.77,19.95,20.42,20.65
3/22/2016,16.85,18.35,19.17,19.75,19.95,20.38,20.65
3/23/2016,17.75,19.2,19.9,20.4,20.5,20.95,21.1
3/24/2016,17.4,19.05,19.82,20.3,20.4,20.75,20.95
3/28/2016,17.14,18.76,19.59,20.05,20.24,20.65,20.85
3/29/2016,16.05,17.8,18.75,19.35,19.6,20.1,20.35
3/30/2016,15.85,17.47,18.39,19.05,19.25,19.79,20.05
3/31/2016,15.92,17.65,18.43,19.05,19.3,19.84,20.1
4/1/2016,15.42,17.18,18.04,18.72,18.94,19.5,19.8
4/4/2016,15.95,17.6,18.4,19.05,19.25,19.75,20.05
4/5/2016,16.8,18.45,19.13,19.6,19.79,20.2,20.4
4/6/2016,15.65,17.4,18.34,18.95,19.2,19.75,20
4/7/2016,17.27,18.88,19.58,20.05,20.2,20.6,20.84
4/8/2016,16.7,18.5,19.33,19.85,20.1,20.5,20.65
4/11/2016,17.1,19,19.8,20.33,20.4,20.85,21
4/12/2016,15.95,18.25,19.24,19.85,20.15,20.55,20.8
4/13/2016,14.85,17.45,18.64,19.35,19.65,20.2,20.45
4/14/2016,14.7,17.25,18.52,19.3,19.62,20.15,20.4
4/15/2016,14.73,17.07,18.47,19.25,19.53,20.05,20.35
4/18/2016,13.83,16.22,17.5,18.35,18.75,19.4,19.65
4/19/2016,13.25,16.22,17.67,18.55,18.9,19.5,19.89
4/20/2016,12.66,16.45,17.9,18.8,19.1,19.72,20.05
4/21/2016,16.8,18.45,19.37,19.65,20.22,20.45,20.65
4/22/2016,16.2,18,19,19.4,19.9,20.2,20.35
4/25/2016,16.25,18.15,19.11,19.45,20.01,20.3,20.5
4/26/2016,15.95,18,19,19.35,19.95,20.25,20.45
4/27/2016,15.45,17.6,18.63,19,19.62,19.9,20.15
4/28/2016,16.5,18.47,19.37,19.69,20.15,20.4,20.65
4/29/2016,16.9,18.95,19.75,20.05,20.53,20.77,20.91
5/2/2016,15.8,18.16,19.16,19.55,20.15,20.35,20.55
5/3/2016,16.62,18.93,19.82,20.15,20.64,20.9,20.98
5/4/2016,16.9,19.05,19.95,20.3,20.85,21.1,21.2
5/5/2016,16.75,19.05,19.95,20.3,20.85,21.14,21.3
5/6/2016,15.73,18.32,19.47,19.85,20.45,20.8,21
5/9/2016,15.5,18,19.27,19.7,20.35,20.68,20.9
5/10/2016,14.5,17.15,18.48,19.05,19.77,20.2,20.35
5/11/2016,15.65,17.96,19.18,19.6,20.28,20.67,20.83
5/12/2016,15.22,17.48,18.8,19.3,20.05,20.5,20.7
5/13/2016,15.87,18.07,19.21,19.69,20.4,20.79,20.95
5/16/2016,15.15,17.4,18.6,19.1,19.9,20.35,20.55
5/17/2016,15.42,18,19.28,19.75,20.48,20.85,21.08
5/18/2016,15.6,18.1,19.4,19.89,20.55,21.02,21.18
5/19/2016,18,19.3,19.8,20.5,20.98,21.1,21.15
5/20/2016,17.35,18.95,19.55,20.3,20.85,21,20.95
5/23/2016,17.6,19.05,19.6,20.2,20.67,20.78,20.8
5/24/2016,16.5,18.2,18.85,19.6,20.1,20.3,20.25
5/25/2016,16.2,18.01,18.69,19.5,19.99,20.12,20.1
5/26/2016,15.85,17.8,18.51,19.35,19.82,19.96,19.95
5/27/2016,15.4,17.61,18.39,19.2,19.7,19.85,19.8
5/31/2016,15.3,17.45,18.26,19.05,19.58,19.73,19.75
6/1/2016,15.3,17.52,18.3,19.05,19.61,19.75,19.75
6/2/2016,14.85,17.15,18.06,18.9,19.48,19.67,19.7
6/3/2016,14.75,17.1,18.1,18.9,19.5,19.62,19.6
6/6/2016,14.5,16.85,17.96,18.9,19.47,19.65,19.65
6/7/2016,14.75,16.85,18.08,18.95,19.58,19.71,19.75
6/8/2016,15,16.86,18.12,19.05,19.69,19.86,19.85
6/9/2016,15.49,17.17,18.4,19.4,20.05,20.25,20.15
6/10/2016,17.5,18.45,19.3,20.1,20.7,20.75,20.7
6/13/2016,21.35,21.25,21.24,21.65,22,22,21.8
6/14/2016,20.55,20.85,20.95,21.4,21.75,21.75,21.55
6/15/2016,19.9,20.57,20.7,21.18,21.45,21.48,21.2
6/16/2016,20.05,20.4,20.88,21.1,21.14,20.95,21.85
6/17/2016,20.1,20.45,20.93,21.23,21.25,21.05,21.85
6/20/2016,18.5,19.26,19.93,20.32,20.45,20.29,21.16
6/21/2016,18.7,19.3,19.92,20.28,20.37,20.3,21.25
6/22/2016,19.45,19.68,20,20.2,20.2,20.05,21.05
6/23/2016,16.7,17.6,18.4,19,19.25,19.3,20.4
6/24/2016,22.7,22.1,21.98,22.03,21.85,21.55,22.55
6/27/2016,23.7,23,23,22.9,22.8,22.43,23.3
6/28/2016,18.9,19.35,20.05,20.53,20.75,20.65,21.6
6/29/2016,17.48,18.53,19.38,19.94,20.15,20.11,21.1
6/30/2016,16.98,18.34,19.24,19.8,20.06,20.05,21.02
7/1/2016,16.8,18.2,19.32,19.9,20.23,20.17,21.15
7/5/2016,16.85,18.3,19.39,19.95,20.23,20.15,21.1
7/6/2016,16.15,17.8,19,19.72,20.05,20.03,21.05
7/7/2016,15.95,17.7,18.93,19.6,19.98,20.02,21
7/8/2016,14.8,16.76,18.27,19.1,19.55,19.6,20.55
7/11/2016,14.65,16.75,18.19,19,19.47,19.53,20.5
7/12/2016,14.3,16.2,17.78,18.72,19.14,19.25,20.25
7/13/2016,14.2,16.2,17.7,18.6,19.08,19.19,20.15
7/14/2016,14.05,16.12,17.59,18.5,19,19.1,20.1
7/15/2016,13.85,16.3,17.78,18.7,19.17,19.27,20.25
7/18/2016,13.15,15.75,17.28,18.4,18.9,18.98,19.9
7/19/2016,12.2,15.65,17.35,18.54,19,19.05,20.05
7/20/2016,11.8,15.48,17.22,18.47,18.85,18.94,19.9
7/21/2016,15.85,17.77,19.01,19.25,19.33,20.25,20.5
7/22/2016,15.4,17.5,18.79,19,19.09,20.05,20.2
7/25/2016,15.35,17.55,18.8,19.1,19.2,20.1,20.35
7/26/2016,15.2,17.45,18.77,19,19.14,20.05,20.25
7/27/2016,14.8,17.25,18.65,18.85,19,19.9,20.2
7/28/2016,14.4,16.92,18.38,18.62,18.73,19.68,19.95
7/29/2016,13.85,16.4,18.05,18.2,18.4,19.3,19.6
8/1/2016,13.65,16.2,17.88,18.15,18.3,19.29,19.55
8/2/2016,14.25,16.65,18.29,18.55,18.65,19.6,19.9
8/3/2016,13.83,16.25,18.02,18.35,18.5,19.53,19.8
8/4/2016,13.45,15.85,17.75,18.2,18.37,19.45,19.75
8/5/2016,12.9,15.35,17.25,17.99,18.16,19.2,19.5
8/8/2016,12.5,15.12,17.02,17.7,17.95,18.99,19.35
8/9/2016,12.4,14.85,16.7,17.45,17.7,18.75,19.1
8/10/2016,12.9,15.15,16.82,17.65,17.88,18.91,19.24
8/11/2016,12.65,15.1,16.85,17.65,17.95,18.98,19.3
8/12/2016,12.35,15,16.7,17.6,18,19.05,19.36
8/15/2016,12.25,14.8,16.53,17.54,17.95,19.04,19.36
8/16/2016,12.85,15.35,16.97,17.89,18.24,19.32,19.65
8/17/2016,12.65,14.8,16.65,17.69,18.07,19.16,19.5
8/18/2016,14.55,16.57,17.63,18.1,19.15,19.5,19.78
8/19/2016,14.7,16.7,17.73,18.18,19.31,19.61,19.89
8/22/2016,14.74,16.76,17.8,18.22,19.34,19.67,19.9
8/23/2016,14.7,16.86,17.93,18.3,19.44,19.75,20
8/24/2016,15.14,17.1,18.05,18.45,19.55,19.85,20.15
8/25/2016,14.95,16.95,17.85,18.25,19.35,19.7,19.96
8/26/2016,15.15,17.02,18.03,18.45,19.51,19.75,20.07
8/29/2016,14.7,16.8,17.87,18.3,19.41,19.7,20
8/30/2016,14.55,16.75,17.84,18.23,19.37,19.7,19.96
8/31/2016,14.6,16.72,17.77,18.16,19.32,19.64,19.98
9/1/2016,14.6,16.65,17.75,18.1,19.32,19.68,20
9/2/2016,13.95,16.36,17.59,18.1,19.2,19.55,19.9
9/6/2016,13.35,15.9,17.17,17.7,18.92,19.3,19.7
9/7/2016,13.24,15.76,17.12,17.65,18.89,19.25,19.65
9/8/2016,13.39,15.95,17.29,17.84,19.05,19.42,19.81
9/9/2016,16.46,17.9,18.78,19.07,20.15,20.43,20.7
9/12/2016,15.35,16.93,17.98,18.43,19.63,19.97,20.32
9/13/2016,17.76,18.34,18.8,18.99,20.07,20.36,20.64
9/14/2016,18.38,18.88,19.28,19.42,20.47,20.73,20.95
9/15/2016,17.07,18.23,18.85,19.07,20.14,20.4,20.68
9/16/2016,16,17.55,18.3,18.7,19.82,20.14,20.45
9/19/2016,15.65,17.15,18,18.55,19.6,19.9,20.23
9/20/2016,15.9,17.42,18.24,18.74,19.77,20.05,20.3
9/21/2016,15.3,16.08,17.48,18.15,19.26,19.65,20
9/22/2016,15.3,16.87,17.6,18.85,19.25,19.55,20.03
9/23/2016,15.55,17.06,17.73,18.95,19.35,19.65,20.15
9/26/2016,16.28,17.37,17.91,19.05,19.49,19.8,20.31
9/27/2016,15.53,16.88,17.49,18.65,19.08,19.47,19.95
9/28/2016,15.25,16.7,17.3,18.5,19,19.35,19.9
9/29/2016,15.94,17.05,17.5,18.7,19.15,19.5,20
9/30/2016,15.8,16.99,17.4,18.54,19.01,19.41,19.95
10/3/2016,15.49,16.77,17.25,18.39,18.88,19.3,19.8
10/4/2016,15.34,16.61,17.05,18.15,18.6,19.03,19.57
10/5/2016,15.15,16.65,17.12,18.33,18.78,19.17,19.7
10/6/2016,15,16.52,17.09,18.27,18.74,19.1,19.65
10/7/2016,15.35,16.72,17.27,18.41,18.83,19.15,19.68
10/10/2016,14.69,16.32,16.94,18.12,18.55,18.92,19.47
10/11/2016,15.8,17,17.43,18.5,18.95,19.22,19.72
10/12/2016,16.35,17.2,17.63,18.71,19.1,19.41,19.9
10/13/2016,17.03,17.52,17.84,18.9,19.3,19.6,20.05
10/14/2016,16.65,17.3,17.64,18.75,19.19,19.51,20.02
10/17/2016,16.55,17.1,17.44,18.56,19.02,19.32,19.85
10/18/2016,15.74,16.65,17.15,18.4,18.88,19.25,19.75
10/19/2016,15.2,16.08,16.82,18.11,18.6,19.01,19.5
10/20/2016,15.8,16.65,18.05,18.59,19.01,19.55,19.83
10/21/2016,15.58,16.52,17.87,18.42,18.86,19.42,19.65
10/24/2016,14.95,16.05,17.47,18.04,18.5,19.05,19.37
10/25/2016,15.25,16.23,17.57,18.1,18.5,19.05,19.35
10/26/2016,15.65,16.47,17.8,18.3,18.7,19.21,19.5
10/27/2016,16.09,16.86,18.2,18.62,18.97,19.47,19.69
10/28/2016,16.65,17.08,18.35,18.72,18.98,19.5,19.7
10/31/2016,17.25,17.41,18.49,18.8,19.02,19.48,19.68
11/1/2016,17.85,17.9,18.88,19.15,19.33,19.75,19.9
11/2/2016,18.55,18.25,19.1,19.3,19.45,19.8,20
11/3/2016,19.8,19.01,19.75,19.94,20,20.32,20.45
11/4/2016,19.32,18.98,19.75,19.9,19.93,20.2,20.25
11/7/2016,16.02,16.58,17.7,18.15,18.4,18.85,19.05
11/8/2016,16,16.6,17.7,18.18,18.5,18.98,19.22
11/9/2016,14.87,15.73,17.02,17.57,18,18.53,18.81
11/10/2016,15.33,16.27,17.4,17.95,18.37,18.9,19.15
11/11/2016,14.9,16.11,17.36,17.95,18.33,18.83,19.1
11/14/2016,14.5,15.98,17.27,17.93,18.38,18.95,19.2
11/15/2016,13.2,15.3,16.9,17.74,18.35,18.95,19.3
11/16/2016,13.85,15.6,17.05,17.82,18.36,18.9,19.27
11/17/2016,15.03,16.67,17.5,18.05,18.65,19,19.32
11/18/2016,14.95,16.65,17.51,18.09,18.7,19.05,19.35
11/21/2016,14.45,16.27,17.2,17.85,18.52,18.89,19.25
11/22/2016,14.45,16.25,17.15,17.83,18.5,18.9,19.25
11/23/2016,14.45,16.35,17.33,17.99,18.62,18.98,19.3
11/25/2016,14.31,16.2,17.18,17.87,18.53,18.94,19.3
11/28/2016,14.44,16.26,17.27,18,18.65,19.05,19.35
11/29/2016,14.3,16.21,17.25,17.95,18.62,19.02,19.4
11/30/2016,14.51,16.3,17.3,17.98,18.65,19.05,19.3
12/1/2016,15.05,16.69,17.57,18.2,18.82,19.16,19.44
12/2/2016,15.09,16.77,17.69,18.33,18.94,19.29,19.5
12/5/2016,13.5,15.65,16.85,17.7,18.45,18.8,19.12
12/6/2016,13.1,15.4,16.6,17.51,18.25,18.65,18.95
12/7/2016,13.3,15.45,16.65,17.55,18.28,18.67,19.03
12/8/2016,13.43,15.53,16.72,17.65,18.37,18.78,19.12
12/9/2016,13.05,15.21,16.4,17.4,18.22,18.61,18.95
12/12/2016,13.45,15.55,16.74,17.6,18.43,18.8,19.15
12/13/2016,13.3,15.45,16.74,17.67,18.45,18.85,19.15
12/14/2016,13.43,15.33,16.54,17.45,18.28,18.66,18.99
12/15/2016,13.02,15.09,16.42,17.5,18.29,18.7,19
12/16/2016,12.74,15,16.38,17.43,18.28,18.7,19.01
12/19/2016,12.15,14.48,16,17.15,18.05,18.4,18.85
12/20/2016,11.55,14.24,15.76,16.98,17.9,18.35,18.75
12/21/2016,11.45,14.05,15.66,16.9,17.85,18.32,18.75
12/22/2016,14.28,16,17.22,18.1,18.55,18.91,19.45
12/23/2016,14.29,16.01,17.27,18.14,18.58,18.92,19.46
12/27/2016,14,15.8,17.05,18,18.45,18.75,19.25
12/28/2016,14.63,16.22,17.35,18.2,18.61,18.95,19.45
12/29/2016,14.84,16.36,17.45,18.29,18.67,19,19.55
12/30/2016,15.1,16.58,17.6,18.43,18.82,19.09,19.68
1/3/2017,13.79,15.55,16.83,17.78,18.3,18.65,19.2
1/4/2017,13.19,14.97,16.28,17.3,17.8,18.25,18.86
1/5/2017,13.05,14.8,16.18,17.2,17.75,18.15,18.8
1/6/2017,12.9,14.65,16.02,17.05,17.58,18,18.66
1/9/2017,12.95,14.5,15.87,16.9,17.5,17.9,18.6
1/10/2017,12.9,14.5,15.75,16.9,17.45,17.93,18.57
1/11/2017,12.55,14.25,15.6,16.7,17.35,17.82,18.45
1/12/2017,12.5,14.35,15.75,16.9,17.5,17.95,18.6
1/13/2017,12.2,14.2,15.72,16.97,17.63,18.13,18.75
1/17/2017,12.2,14.2,15.73,17,17.7,18.25,18.85
1/18/2017,11.86,14.2,15.61,16.8,17.55,18.1,18.82
1/19/2017,14.25,15.55,16.73,17.35,17.93,18.65,18.9
1/20/2017,13.82,15.23,16.39,17.14,17.75,18.5,18.8
1/23/2017,13.55,14.95,16.12,16.9,17.53,18.3,18.63
1/24/2017,13.03,14.38,15.54,16.35,17.05,17.85,18.16
1/25/2017,12.75,14.16,15.35,16.15,16.75,17.55,17.92
1/26/2017,12.7,14.14,15.41,16.18,16.83,17.61,17.94
1/27/2017,12.55,14.12,15.44,16.25,16.9,17.65,18
1/30/2017,12.9,14.32,15.55,16.34,16.97,17.7,18.05
1/31/2017,12.95,14.31,15.55,16.3,16.85,17.6,17.96
2/1/2017,12.68,13.98,15.23,16.03,16.68,17.45,17.8
2/2/2017,12.92,14.19,15.42,16.22,16.83,17.55,17.87
2/3/2017,12.47,13.94,15.22,16.04,16.67,17.4,17.7
2/6/2017,12.49,13.95,15.26,16.1,16.72,17.43,17.7
2/7/2017,12.6,13.95,15.33,16.12,16.76,17.45,17.77
2/8/2017,12.6,13.97,15.43,16.25,16.9,17.6,17.9
2/9/2017,12.05,13.72,15.28,16.09,16.74,17.4,17.7
2/10/2017,11.73,13.37,15.13,16.03,16.72,17.38,17.65
2/13/2017,11.4,13.05,14.76,15.65,16.45,17.1,17.4
2/14/2017,11.1,12.3,14,15,15.75,16.55,16.9
2/15/2017,11.5,12.85,14.05,14.75,15.5,16.25,16.6
2/16/2017,12.96,14.15,14.95,15.69,16.46,16.8,17.45
2/17/2017,13.25,14.25,15.15,15.8,16.52,16.85,17.55
2/21/2017,13.2,14.5,15.29,15.96,16.65,17,17.7
2/22/2017,13.21,14.64,15.4,16.06,16.75,17.08,17.8
2/23/2017,13.52,15.23,15.95,16.55,17.14,17.42,17.98
2/24/2017,13.35,15.2,16.06,16.68,17.3,17.55,18.05
2/27/2017,13.3,15.1,15.81,16.3,16.95,17.22,17.75
2/28/2017,13.51,15.32,15.94,16.44,17.01,17.22,17.75
3/1/2017,13.28,15.07,15.77,16.32,16.95,17.15,17.7
3/2/2017,13.25,15.03,15.84,16.41,17.05,17.25,17.85
3/3/2017,12.85,14.58,15.42,16.07,16.71,16.97,17.6
3/6/2017,12.65,14.4,15.35,15.99,16.65,16.9,17.46
3/7/2017,12.64,14.45,15.35,16.05,16.65,16.95,17.55
3/8/2017,12.67,14.45,15.32,15.98,16.6,16.88,17.5
3/9/2017,12.8,14.45,15.25,15.95,16.55,16.85,17.55
3/10/2017,12.55,14.2,15.1,15.79,16.4,16.8,17.4
3/13/2017,12.13,13.85,14.87,15.65,16.35,16.7,17.29
3/14/2017,12.63,14.08,15.01,15.75,16.5,16.85,17.48
3/15/2017,12.29,13.71,14.71,15.54,16.26,16.6,17.25
3/16/2017,11.91,13.25,14.33,15.24,16.01,16.35,17.05
3/17/2017,11.75,13.25,14.23,15.1,15.85,16.3,16.9
3/20/2017,11.63,13.18,14.14,14.99,15.79,16.2,16.9
3/21/2017,12.18,13.77,14.55,15.35,16.13,16.51,17.19
3/22/2017,12.15,13.92,14.58,15.27,16,16.45,17.25
3/23/2017,14.3,14.77,15.5,16.2,16.7,17.4,17.75
3/24/2017,13.95,14.35,15.12,15.91,16.36,17.09,17.45
3/27/2017,13.6,14.05,14.73,15.53,16.02,16.82,17.22
3/28/2017,12.92,13.56,14.37,15.22,15.74,16.51,16.93
3/29/2017,12.94,13.5,14.23,15.07,15.6,16.35,16.8
3/30/2017,12.82,13.35,14.17,15.05,15.49,16.28,16.75
3/31/2017,13.28,13.58,14.25,15,15.5,16.26,16.7
4/3/2017,13.48,13.58,14.27,15.08,15.57,16.34,16.75
4/4/2017,13.24,13.37,14.13,14.95,15.4,16.1,16.5
4/5/2017,13.9,13.85,14.55,15.3,15.68,16.45,16.74
4/6/2017,13.6,13.55,14.15,14.96,15.35,16.05,16.47
4/7/2017,14.05,13.86,14.55,15.25,15.6,16.3,16.7
4/10/2017,15.05,14.33,14.79,15.44,15.76,16.48,16.8
4/11/2017,16,14.53,14.88,15.53,15.87,16.52,16.85
4/12/2017,16.3,14.95,15.02,15.59,15.9,16.56,16.88
4/13/2017,16.3,15.2,15.27,15.85,16.1,16.7,17.07
4/17/2017,15.07,14.3,14.55,15.22,15.55,16.25,16.6
4/18/2017,14.7,14.32,14.54,15.17,15.49,16.2,16.55
4/19/2017,14.3,14.58,14.53,15.12,15.43,16.17,16.57
4/20/2017,14.32,14.34,14.99,15.38,16.17,16.57,16.87
4/21/2017,14.3,14.24,14.8,15.15,15.93,16.34,16.7
4/24/2017,12.68,13.3,14.19,14.7,15.59,16.02,16.38
4/25/2017,12.5,13.1,13.9,14.4,15.2,15.65,16.05
4/26/2017,12.35,13.19,14.05,14.55,15.35,15.73,16.09
4/27/2017,12.4,13.1,14.07,14.58,15.4,15.8,16.15
4/28/2017,12.25,13.11,13.98,14.48,15.26,15.69,16.1
5/1/2017,11.85,12.6,13.55,14.12,14.92,15.3,15.71
5/2/2017,11.8,12.82,13.75,14.2,15.05,15.4,15.75
5/3/2017,12.1,12.95,13.86,14.35,15.1,15.55,15.9
5/4/2017,11.73,12.67,13.6,14.11,14.95,15.35,15.8
5/5/2017,11.78,12.67,13.66,14.22,15.1,15.55,15.95
5/8/2017,11.4,12.5,13.7,14.33,15.18,15.63,16
5/9/2017,11.4,12.48,13.67,14.35,15.15,15.62,16
5/10/2017,11.55,12.47,13.68,14.4,15.3,15.73,16.1
5/11/2017,11.45,12.61,13.69,14.35,15.3,15.73,16.13
5/12/2017,11.24,12.41,13.61,14.4,15.33,15.85,16.25
5/15/2017,10.85,12.15,13.35,14.15,15.18,15.73,16.15
5/16/2017,11.1,12.1,13.23,14.13,15.17,15.73,16.18
5/17/2017,12.2,14.23,14.62,14.98,15.77,16.29,16.7
5/18/2017,14.25,14.6,15,15.89,16.35,16.75,16.9
5/19/2017,12.75,13.45,14.15,15.2,15.78,16.23,16.45
5/22/2017,12.2,13.15,13.95,14.95,15.55,16.05,16.23
5/23/2017,12.35,13.31,14.15,15.19,15.75,16.2,16.37
5/24/2017,11.96,13,13.9,15.05,15.7,16.15,16.38
5/25/2017,12.05,13.03,13.95,15.07,15.73,16.15,16.4
5/26/2017,11.95,12.93,13.79,14.96,15.65,16.15,16.4
5/30/2017,11.83,12.73,13.58,14.73,15.4,15.88,16.1
5/31/2017,11.8,12.7,13.5,14.69,15.38,15.9,16.1
6/1/2017,11.63,12.4,13.31,14.53,15.27,15.76,16.04
6/2/2017,11.64,12.52,13.44,14.59,15.35,15.85,16.06
6/5/2017,11.79,12.61,13.45,14.6,15.4,15.8,16.05
6/6/2017,11.95,12.85,13.65,14.8,15.5,15.95,16.18
6/7/2017,11.89,12.72,13.5,14.71,15.46,15.92,16.18
6/8/2017,11.6,12.51,13.3,14.55,15.25,15.76,16
6/9/2017,11.73,12.55,13.3,14.45,15.25,15.75,16.05
6/12/2017,11.88,12.68,13.4,14.5,15.25,15.75,16
6/13/2017,11.45,12.25,13.1,14.3,15.11,15.6,15.89
6/14/2017,11.48,12.3,13,14.23,15,15.5,15.83
6/15/2017,11.55,12.43,13.13,14.4,15.15,15.59,15.89
6/16/2017,11.32,12.34,12.95,14.17,14.9,15.4,15.7
6/19/2017,10.9,12.15,12.75,13.95,14.8,15.31,15.65
6/20/2017,11.15,12.1,12.72,13.88,14.65,15.2,15.52
6/21/2017,11.15,12.2,12.81,13.81,14.59,15.16,15.51
6/22/2017,11.99,12.72,13.79,14.59,15.16,15.49,16.56
6/23/2017,11.9,12.63,13.68,14.52,15.12,15.44,16.5
6/26/2017,11.6,12.35,13.45,14.25,14.83,15.18,16.28
6/27/2017,12.05,12.65,13.65,14.35,14.89,15.18,16.23
6/28/2017,11.7,12.5,13.53,14.3,14.83,15.12,16.18
6/29/2017,12,12.64,13.63,14.37,14.87,15.1,16.22
6/30/2017,12.3,12.7,13.67,14.44,14.93,15.2,16.23
7/3/2017,12.55,13,13.91,14.6,15.1,15.34,16.35
7/5/2017,12.33,12.93,13.89,14.58,15.1,15.29,16.35
7/6/2017,13.05,13.42,14.28,14.89,15.3,15.47,16.57
7/7/2017,12.56,13.08,14.09,14.77,15.3,15.47,16.5
7/10/2017,12.2,12.85,13.75,14.5,15,15.15,16.3
7/11/2017,12.15,12.66,13.57,14.31,14.83,15.03,16.12
7/12/2017,11.55,12.4,13.4,14.12,14.62,14.83,15.93
7/13/2017,11.1,12.37,13.34,14.05,14.6,14.77,15.85
7/14/2017,10.56,12.04,12.95,13.7,14.2,14.4,15.55
7/17/2017,10.3,11.91,12.95,13.66,14.2,14.45,15.54
7/18/2017,10.15,11.75,12.9,13.7,14.25,14.49,15.61
7/19/2017,9.85,11.55,12.71,13.55,14.15,14.45,15.62
7/20/2017,11.48,12.71,13.48,14.05,14.43,15.55,16.62
7/21/2017,11.4,12.65,13.45,14,14.35,15.5,16.55
7/24/2017,11.32,12.53,13.3,13.9,14.19,15.3,16.35
7/25/2017,11.15,12.56,13.39,13.95,14.2,15.3,16.27
7/26/2017,11.3,12.64,13.42,13.92,14.14,15.25,16.18
7/27/2017,11.45,12.62,13.34,13.82,14,15.05,16.05
7/28/2017,11.35,12.63,13.35,13.83,14.04,15.12,16.04
7/31/2017,11.25,12.47,13.15,13.68,13.88,15,16.05
8/1/2017,11.25,12.4,13.09,13.55,13.75,14.82,15.83
8/2/2017,11.3,12.6,13.29,13.7,13.9,14.97,15.9
8/3/2017,11.35,12.7,13.45,13.85,14.04,15.11,16
8/4/2017,11.3,12.75,13.53,13.98,14.17,15.27,16.13
8/7/2017,11.1,12.55,13.35,13.87,14.05,15.18,16.1
8/8/2017,11.55,12.9,13.68,14.18,14.38,15.47,16.29
8/9/2017,11.71,13.09,13.8,14.3,14.51,15.55,16.35
8/10/2017,15.55,15.2,15.2,15.4,15.5,16.5,17.1
8/11/2017,15.4,15.3,15.55,15.75,15.75,16.75,17.3
8/14/2017,12.5,13.2,13.8,14.3,14.55,15.6,16.37
8/15/2017,12.32,13.2,14,14.45,14.65,15.7,16.4
8/16/2017,12.16,13.1,13.75,14.2,14.45,15.5,16.25
8/17/2017,14.92,15,15.25,15.15,16.15,16.81,17.16
8/18/2017,14.97,15.13,15.35,15.35,16.3,16.93,17.24
8/21/2017,14.1,14.6,14.95,14.98,15.98,16.67,17.03
8/22/2017,12.95,13.65,14.25,14.38,15.43,16.16,16.6
8/23/2017,13.6,14.25,14.65,14.79,15.78,16.43,16.75
8/24/2017,13.4,14.13,14.54,14.67,15.72,16.42,16.82
8/25/2017,13.09,14.01,14.45,14.62,15.65,16.39,16.75
8/28/2017,13.05,13.92,14.35,14.55,15.6,16.34,16.71
8/29/2017,13.2,14,14.43,14.55,15.67,16.4,16.82
8/30/2017,13.15,14.08,14.5,14.64,15.71,16.45,16.85
8/31/2017,12.6,13.7,14.2,14.43,15.53,16.3,16.7
9/1/2017,12.6,13.75,14.25,14.45,15.5,16.32,16.75
9/5/2017,13.19,14.02,14.47,14.6,15.64,16.34,16.71
9/6/2017,13.15,14.2,14.72,14.93,15.9,16.6,17
9/7/2017,12.85,14.05,14.68,14.93,15.98,16.63,16.96
9/8/2017,13.25,14.34,14.9,15.05,16.1,16.75,17.05
9/11/2017,12.08,13.68,14.4,14.77,15.81,16.45,16.8
9/12/2017,11.85,13.35,14.13,14.5,15.59,16.28,16.67
9/13/2017,11.5,12.92,13.74,14.23,15.35,16.05,16.5
9/14/2017,11.45,13.05,13.75,14.28,15.39,16.18,16.59
9/15/2017,11.1,12.9,13.65,14.2,15.32,16.12,16.56
9/18/2017,10.69,12.42,13.25,13.8,14.97,15.83,16.28
9/19/2017,10.82,12.4,13.27,13.9,15.12,15.97,16.42
9/20/2017,10.45,12.3,13.18,13.77,14.98,15.84,16.29
9/21/2017,12.35,13.26,13.85,15,15.92,16.38,16.73
9/22/2017,12.45,13.4,14,15.18,16.08,16.55,16.83
9/25/2017,12.4,13.35,13.95,15.12,16,16.47,16.8
9/26/2017,12.25,13.27,13.8,14.95,15.9,16.4,16.75
9/27/2017,12.19,13.26,13.8,14.99,15.94,16.43,16.75
9/28/2017,11.9,13.1,13.67,14.85,15.89,16.36,16.74
9/29/2017,11.7,13,13.6,14.77,15.82,16.25,16.6
10/2/2017,11.35,12.7,13.25,14.53,15.52,16.03,16.38
10/3/2017,11.4,12.75,13.3,14.5,15.48,15.94,16.33
10/4/2017,11.35,12.8,13.29,14.47,15.45,15.97,16.37
10/5/2017,10.8,12.45,13,14.2,15.28,15.77,16.19
10/6/2017,10.85,12.5,13.13,14.3,15.33,15.82,16.24
10/9/2017,11.1,12.6,13.2,14.4,15.45,15.94,16.35
10/10/2017,10.94,12.3,13,14.25,15.3,15.8,16.25
10/11/2017,10.8,12.18,12.85,14.1,15.25,15.75,16.15
10/12/2017,10.58,12.07,12.79,14.06,15.28,15.78,16.22
10/13/2017,10.3,11.85,12.6,13.85,15,15.56,16.08
10/16/2017,10.3,11.68,12.37,13.63,14.88,15.43,15.85
10/17/2017,10.38,11.7,12.35,13.6,14.8,15.42,15.87
10/18/2017,10.3,11.6,12.3,13.55,14.87,15.49,15.9
10/19/2017,11.5,12.2,13.4,14.72,15.35,15.81,16.19
10/20/2017,11.35,12.15,13.27,14.65,15.2,15.68,16.07
10/23/2017,11.8,12.5,13.64,14.87,15.44,15.88,16.26
10/24/2017,11.94,12.55,13.59,14.89,15.48,15.93,16.31
10/25/2017,12,12.6,13.66,14.92,15.45,15.9,16.35
10/26/2017,12.1,12.69,13.72,14.97,15.53,15.96,16.36
10/27/2017,11.45,12.22,13.35,14.55,15.2,15.65,16.1
10/30/2017,11.59,12.3,13.37,14.6,15.2,15.65,16.05
10/31/2017,11.27,12.19,13.27,14.45,15.05,15.55,15.96
11/1/2017,11.4,12.25,13.32,14.58,15.14,15.65,16.05
11/2/2017,11.15,12.25,13.4,14.66,15.22,15.68,16.12
11/3/2017,10.95,12.31,13.49,14.73,15.29,15.75,16.16
11/6/2017,10.75,12.15,13.35,14.65,15.3,15.73,16.17
11/7/2017,10.88,12.28,13.48,14.8,15.35,15.85,16.31
11/8/2017,10.87,12.29,13.49,14.88,15.47,15.9,16.35
11/9/2017,11.11,12.35,13.5,14.95,15.55,15.95,16.39
11/10/2017,11.57,12.6,13.81,15.2,15.75,16.15,16.61
11/13/2017,11.63,12.78,13.92,15.38,15.92,16.36,16.75
11/14/2017,12.02,12.7,13.99,15.49,16.1,16.55,16.92
11/15/2017,13.05,13.17,14.33,15.7,16.25,16.8,17.15
11/16/2017,12.7,13.95,15.45,16,16.5,16.86,17.38
11/17/2017,12.65,13.85,15.35,15.9,16.4,16.78,17.25
11/20/2017,12.05,13.4,14.95,15.6,16.05,16.45,17.02
11/21/2017,11.65,12.95,14.65,15.3,15.8,16.2,16.8
11/22/2017,11.5,12.85,14.58,15.15,15.7,16.11,16.7
11/24/2017,11.4,12.83,14.52,15.13,15.6,16.04,16.62
11/27/2017,11.3,12.86,14.6,15.2,15.75,16.13,16.72
11/28/2017,11.25,12.7,14.5,15.1,15.65,16,16.62
11/29/2017,11.46,12.94,14.71,15.3,15.83,16.22,16.75
11/30/2017,11.68,13.05,14.65,15.27,15.85,16.15,16.73
12/1/2017,11.85,13.3,14.87,15.46,15.94,16.32,16.84
12/4/2017,11.95,13.2,14.84,15.45,15.85,16.2,16.77
12/5/2017,11.9,13.17,14.7,15.29,15.8,16.1,16.69
12/6/2017,11.75,13.06,14.7,15.25,15.72,16.06,16.62
12/7/2017,11.19,12.66,14.4,14.92,15.43,15.85,16.41
12/8/2017,10.87,12.3,14.25,14.84,15.35,15.77,16.32
12/11/2017,10.35,11.96,14.09,14.72,15.23,15.67,16.27
12/12/2017,10.39,11.95,14.1,14.75,15.29,15.7,16.33
12/13/2017,10.5,11.98,13.9,14.63,15.15,15.65,16.25
12/14/2017,10.4,11.85,13.9,14.55,15.15,15.6,16.25
12/15/2017,9.91,11.45,13.6,14.35,14.95,15.35,15.99
12/18/2017,9.88,11.33,13.32,14.05,14.6,15.1,15.79
12/19/2017,10.05,11.3,13.25,13.95,14.62,15.15,15.87
12/20/2017,9.6,11.43,13.3,14.01,14.62,15.2,15.9
12/21/2017,11.2,13.13,13.83,14.5,15,15.7,
12/22/2017,11.4,13.17,13.83,14.45,15,15.69,
12/26/2017,11.33,13.1,13.75,14.34,14.88,15.55,
12/27/2017,11.33,13.05,13.7,14.28,14.79,15.43,16.26
12/28/2017,11.24,13.07,13.73,14.28,14.77,15.42,16.25
12/29/2017,11.45,13.23,13.9,14.37,14.8,15.45,16.17
1/2/2018,10.9,12.82,13.55,14.03,14.5,15.14,16.08
1/3/2018,10.7,12.65,13.35,13.85,14.3,14.95,15.94
1/4/2018,10.6,12.65,13.4,13.92,14.39,14.98,
1/5/2018,10.5,12.3,12.55,13.28,13.85,14.2,14.8
1/8/2018,10.49,12.2,12.5,13.23,13.78,14.25,14.83
1/9/2018,10.69,12.35,12.54,13.23,13.75,14.25,14.75
1/10/2018,10.6,12.15,12.4,13.07,13.6,14.05,14.7
1/11/2018,10.5,12.05,12.3,13,13.47,13.96,14.55
1/12/2018,10.6,12.05,12.4,12.99,13.48,13.9,14.51
1/16/2018,11.77,12.65,12.71,13.34,13.83,14.32,14.92
1/17/2018,11.95,12.35,12.57,13.19,13.71,14.23,14.82
1/18/2018,12.5,12.76,13.31,13.82,14.28,14.86,15.63
1/19/2018,12.5,12.54,13.16,13.72,14.22,14.85,15.65
1/22/2018,12.05,12.49,13.12,13.6,14.09,14.68,15.53
1/23/2018,12.15,12.73,13.38,13.9,14.31,14.88,15.71
1/24/2018,12.45,12.9,13.57,14.12,14.53,15.04,15.73
1/25/2018,12.75,13.04,13.72,14.28,14.66,15.18,15.79
1/26/2018,12.65,13.05,13.72,14.25,14.58,15.07,15.7
1/29/2018,13.5,13.85,14.3,14.68,14.93,15.42,16
1/30/2018,13.7,14.05,14.47,14.85,15.13,15.58,16.1
1/31/2018,13.45,13.67,14.16,14.55,14.87,15.34,15.86
2/1/2018,13.05,13.42,13.94,14.4,14.74,15.2,15.78
2/2/2018,14.95,14.98,15.07,15.29,15.43,15.83,16.2
2/5/2018,27,27.95,27.85,24.1,17.65,19.75,18
2/6/2018,20.2,21,20.16,19.33,18.65,18.7,18.9
2/7/2018,21.3,19.9,19.22,18.7,18.03,18.05,18
2/8/2018,25.75,21.6,20.47,19.8,19.1,18.95,18.83
2/9/2018,23.75,20.4,19.05,18.4,17.8,17.8,17.96
2/12/2018,22.35,19.85,18.89,18.5,18,18.1,18.13
2/13/2018,22.85,19.84,18.97,18.6,18.19,18.26,18.37
2/14/2018,18.5,17.85,17.8,17.85,17.64,17.82,17.94
2/15/2018,18.65,17.55,17.3,17.32,17.18,17.37,17.55
2/16/2018,19.2,17.76,17.4,17.37,17.24,17.43,17.57
2/20/2018,20.45,18.36,17.84,17.72,17.49,17.62,17.7
2/21/2018,18.56,18.1,17.96,17.75,17.9,17.89,17.98
2/22/2018,18.1,17.65,17.56,17.4,17.54,17.6,17.72
2/23/2018,16.8,16.9,16.95,16.83,16.98,17.1,17.23
2/26/2018,16.07,16.12,16.31,16.35,16.55,16.8,17
2/27/2018,17.55,17.2,17.1,17,17.15,17.34,17.55
2/28/2018,18.62,18,17.7,17.5,17.7,17.72,17.87
3/1/2018,19.85,18.75,18.35,18.2,18.25,18.26,18.33
3/2/2018,19.11,18.3,18.1,17.94,18.1,18.2,18.27
3/5/2018,18.3,17.8,17.8,17.65,17.8,17.82,17.98
3/6/2018,18.22,17.9,17.95,17.85,17.9,18,18.16
3/7/2018,17.95,17.86,17.88,17.8,18,18.15,18.3
3/8/2018,17.2,17.3,17.55,17.55,17.8,17.97,18.11
3/9/2018,15.75,16.2,16.62,16.74,17.01,17.29,17.55
3/12/2018,16.15,16.55,16.95,17.07,17.32,17.54,17.79
3/13/2018,16.9,16.95,17.25,17.35,17.6,17.8,18.1
3/14/2018,17.25,17.25,17.51,17.5,17.73,17.97,18.25
3/15/2018,16.7,16.7,17.1,17.25,17.4,17.7,17.99
3/16/2018,16.25,16.4,16.78,16.95,17.2,17.6,17.95
3/19/2018,18.3,17.6,17.55,17.45,17.68,17.89,18.15
3/20/2018,18.45,17.4,17.5,17.55,17.73,17.96,18.26
3/21/2018,17.35,17.37,17.33,17.35,17.65,17.92,18.18
3/22/2018,19.4,18.45,18.1,18.25,18.29,18.58,18.45
3/23/2018,20.45,19.34,18.8,18.9,18.81,18.95,18.74
3/26/2018,19.3,18.6,18.3,18.4,18.49,18.7,18.56
3/27/2018,20.5,19.6,19.15,19.25,19.18,19.38,19.14
3/28/2018,20.97,19.87,19.34,19.45,19.52,19.75,19.52
3/29/2018,19.77,19.21,18.85,19.03,19.06,19.32,19.05
4/2/2018,21.15,19.9,19.25,19.35,19.32,19.53,19.43
4/3/2018,20.65,19.8,19.3,19.45,19.3,19.49,19.26
4/4/2018,19.95,19.25,18.85,19,19.06,19.35,19.12
4/5/2018,19.1,18.7,18.6,18.75,18.88,19.16,18.95
4/6/2018,20.67,19.6,19.24,19.41,19.44,19.67,19.46
4/9/2018,20.85,19.8,19.4,19.55,19.55,19.82,19.6
4/10/2018,20.25,19.5,19.15,19.3,19.31,19.62,19.41
4/11/2018,20,19.45,19.25,19.45,19.55,19.85,19.63
4/12/2018,18.75,18.7,18.7,18.95,19.06,19.38,19.16
4/13/2018,17.92,18.1,18.25,18.5,18.71,19.07,18.92
4/16/2018,16.8,17.35,17.65,18,18.36,18.75,18.7
4/17/2018,15.4,16.4,16.9,17.4,17.98,18.37,18.31
4/18/2018,15.45,16.4,16.6,17.05,17.65,18.12,18.1
4/19/2018,16.6,16.8,17.2,17.65,18.13,18.12,18.08
4/20/2018,17.05,17.1,17.45,17.88,18.28,18.23,18.16
4/23/2018,16.9,17.05,17.4,17.85,18.25,18.21,18.15
4/24/2018,17.7,17.45,17.6,17.87,18.27,18.21,18.23
4/25/2018,17.6,17.45,17.65,18.1,18.47,18.39,18.31
4/26/2018,16.9,17,17.35,17.7,18.11,18.02,17.95
4/27/2018,16.35,16.75,17.15,17.66,18.05,18,17.98
4/30/2018,16.75,16.95,17.35,17.8,18.17,18.11,18.07
5/1/2018,16.2,16.45,16.8,17.35,17.78,17.75,17.71
5/2/2018,16.55,16.7,17.05,17.59,18,17.97,17.91
5/3/2018,16.55,16.55,16.9,17.45,17.85,17.81,17.81
5/4/2018,15.85,16.36,16.77,17.27,17.68,17.65,17.64
5/7/2018,15.7,16.35,16.75,17.3,17.75,17.7,17.65
5/8/2018,15.8,16.25,16.65,17.25,17.7,17.66,17.65
5/9/2018,14.82,15.6,16.15,16.86,17.33,17.35,17.38
5/10/2018,14.25,15.12,15.7,16.43,16.9,17,17.04
5/11/2018,13.73,14.73,15.3,16.2,16.7,16.81,16.86
5/14/2018,13.42,14.49,14.95,15.85,16.35,16.52,16.6
5/15/2018,14.86,15.35,15.8,16.45,16.92,17.06,17.05
5/16/2018,14.5,14.65,15.3,16.15,16.7,16.72,16.76
5/17/2018,14.35,15.05,16,16.55,16.65,16.66,17.27
5/18/2018,14.55,15.26,16.18,16.71,16.82,16.82,17.4
5/21/2018,14.2,14.8,15.8,16.35,16.4,16.48,17.11
5/22/2018,14.2,14.95,15.9,16.45,16.6,16.66,17.24
5/23/2018,13.9,14.75,15.72,16.3,16.4,16.47,16.99
5/24/2018,13.85,14.6,15.66,16.25,16.42,16.48,17.05
5/25/2018,14.2,14.83,15.83,16.4,16.57,16.63,17.16
5/29/2018,15.96,16.08,16.35,16.77,16.85,16.87,17.4
5/30/2018,15.2,15.68,16.45,16.85,16.88,16.91,17.43
5/31/2018,15.4,15.85,16.5,17,17.05,17.05,17.55
6/1/2018,14.4,15.17,16.06,16.57,16.65,16.69,17.2
6/4/2018,13.95,14.7,15.65,16.15,16.33,16.38,16.93
6/5/2018,13.6,14.5,15.45,16,16.15,16.18,16.77
6/6/2018,13.1,14.1,15.2,15.7,15.85,15.92,16.49
6/7/2018,13.15,14.15,15.25,15.8,15.95,16.05,16.6
6/8/2018,13.35,14.25,15.31,15.84,15.99,16.05,16.62
6/11/2018,12.9,13.95,15.2,15.77,15.95,15.97,16.6
6/12/2018,12.72,13.87,15.25,15.75,15.92,15.98,16.57
6/13/2018,13.15,14.1,15.35,15.95,16.08,16.14,16.72
6/14/2018,12.65,13.66,15.05,15.7,15.85,15.95,16.52
6/15/2018,12.6,13.75,15.01,15.6,15.86,15.95,16.57
6/18/2018,12.7,13.7,14.85,15.45,15.75,15.89,16.5
6/19/2018,13.65,14.25,15.25,15.8,16.03,16.15,16.8
6/20/2018,12.85,13.95,15.2,15.8,16,16.11,16.72
6/21/2018,15,15.8,16.25,16.3,16.42,17.01,
6/22/2018,14.55,15.57,16.1,16.25,16.35,16.95,
6/25/2018,16.35,16.45,16.75,16.8,16.83,17.38,17.77
6/26/2018,16.05,16.55,16.9,16.87,16.9,17.45,17.5
6/27/2018,16.95,17.05,17.35,17.25,17.3,17.85,18.1
6/28/2018,16.5,16.75,17.1,17.06,17.02,17.55,18
6/29/2018,16.07,16.79,17.16,17.11,17.07,17.53,17.79
7/2/2018,15.95,16.7,17.05,17.13,17.1,17.61,17.85
7/3/2018,16.39,16.98,17.31,17.31,17.28,17.77,18.1
7/5/2018,15.62,16.55,16.95,17.05,17.02,17.5,17.85
7/6/2018,14.5,15.99,16.5,16.62,16.6,17.15,17.58
7/9/2018,13.77,15.3,15.84,16,15.99,16.52,17.1
7/10/2018,13.71,15.2,15.76,15.91,15.95,16.5,16.95
7/11/2018,14.08,15.3,15.85,16.01,16.04,16.6,17.08
7/12/2018,13.45,15,15.65,15.75,15.77,16.32,16.78
7/13/2018,13.06,14.8,15.46,15.67,15.76,16.3,16.77
7/16/2018,12.95,14.15,14.85,15.5,15.7,15.77,16.35
7/17/2018,12.1,13.8,14.7,15.5,15.76,15.83,16.41
7/18/2018,11.9,13.65,14.85,15.55,15.85,15.91,16.49
7/19/2018,13.94,15.05,15.75,15.95,15.95,16.52,17.05
7/20/2018,14.25,15.13,15.8,16.02,16.05,16.62,17.17
7/23/2018,14.05,15,15.65,15.9,15.99,16.56,17.15
7/24/2018,13.6,15.05,15.75,15.95,15.95,16.53,17.02
7/25/2018,13.4,14.8,15.5,15.75,15.9,16.4,17
7/26/2018,13.55,14.87,15.6,15.9,15.95,16.46,16.95
7/27/2018,14.4,15.25,15.95,16.15,16.12,16.62,17.1
7/30/2018,14.2,15.6,16.15,16.25,16.26,16.77,17.25
7/31/2018,15.05,15.6,15.9,15.95,16.44,17.01,17.11
8/1/2018,15.15,15.75,15.95,16,16.47,17.06,17.16
8/2/2018,13.55,14.85,15.6,15.8,15.9,16.38,16.98
8/3/2018,13.3,14.8,15.58,15.81,15.83,16.32,16.89
8/6/2018,12.65,14.4,15.25,15.55,15.6,16.11,16.72
8/7/2018,13.95,14.8,15.2,15.35,15.87,16.45,16.59
8/8/2018,11.7,14,14.9,15.25,15.35,15.9,16.42
8/9/2018,11.9,14.1,14.95,15.3,15.45,15.97,16.55
8/10/2018,13.5,14.6,15.35,15.55,15.66,16.2,16.68
8/13/2018,14.55,15.46,15.95,16.05,16.2,16.6,17.13
8/14/2018,13.6,14.73,15.35,15.55,15.8,16.23,16.77
8/15/2018,15.25,15.65,15.82,15.96,16.42,16.92,17.06
8/16/2018,14.8,15.4,15.65,15.8,16.25,16.77,16.9
8/17/2018,14.3,14.98,15.35,15.55,16.05,16.57,16.72
8/20/2018,14.2,14.85,15.2,15.5,15.93,16.49,16.65
8/21/2018,14.85,15.35,15.6,15.75,16.2,16.76,16.9
8/22/2018,14.15,15,15.35,15.5,16.05,16.65,16.77
8/23/2018,14.22,15.15,15.55,15.7,16.1,16.63,16.78
8/24/2018,14.1,15.12,15.46,15.61,16.07,16.61,16.77
8/27/2018,14.15,15.2,15.55,15.7,16.1,16.58,16.73
8/28/2018,14.15,15.25,15.65,15.8,16.15,16.65,16.78
8/29/2018,13.95,15.22,15.6,15.8,16.25,16.7,16.85
8/30/2018,14.55,15.7,16,16.15,16.6,16.95,17.05
8/31/2018,13.98,15.16,15.57,15.75,16.22,16.67,16.83
9/4/2018,14.25,15.25,15.6,15.75,16.26,16.67,16.82
9/5/2018,14.6,15.52,15.85,16.05,16.4,16.88,16.99
9/6/2018,15.2,16,16.25,16.35,16.77,17.11,17.2
9/7/2018,15.45,16.16,16.4,16.42,16.85,17.24,17.32
9/10/2018,14.75,15.7,15.9,16.02,16.55,16.97,17.1
9/11/2018,14.2,15.13,15.5,15.75,16.2,16.7,16.85
9/12/2018,14.05,15,15.3,15.45,16,16.6,16.73
9/13/2018,13.42,14.67,15.05,15.2,15.75,16.37,16.55
9/14/2018,12.95,14.38,14.89,15.1,15.6,16.3,16.45
9/17/2018,13.55,14.9,15.2,15.4,15.9,16.45,16.61
9/18/2018,12.95,14.65,15.15,15.35,15.9,16.45,16.61
9/19/2018,12.55,14.3,15.1,15.25,15.75,16.36,16.52
9/20/2018,13.95,14.85,15.15,15.65,16.26,16.44,
9/21/2018,14.3,15.12,15.4,15.87,16.42,16.58,
9/24/2018,14,14.85,15.1,15.6,16.25,16.45,
9/25/2018,14.05,14.95,15.2,15.65,16.29,16.45,16.99
9/26/2018,14.4,15.2,15.45,15.9,16.46,16.65,17.1
9/27/2018,14.1,15,15.25,15.75,16.33,16.5,16.95
9/28/2018,14,14.95,15.22,15.71,16.28,16.5,
10/1/2018,13.9,14.8,15.15,15.6,16.25,16.43,16.72
10/2/2018,13.95,14.9,15.15,15.8,16.35,16.52,16.93
10/3/2018,14,14.9,15.2,15.75,16.34,16.48,16.9
10/4/2018,14.7,15.18,15.4,15.9,16.45,16.6,17.08
10/5/2018,15.27,15.54,15.7,16.16,16.61,16.77,17.14
10/8/2018,15.77,15.76,15.81,16.28,16.77,16.95,17.27
10/9/2018,16.02,15.96,16,16.45,16.85,17,17.39
10/10/2018,20.4,18.49,17.8,18,18.25,18.36,18.65
10/11/2018,21.4,18.7,18.1,18.25,18.35,18.42,18.65
10/12/2018,20.05,18.15,17.56,17.78,18.02,18.15,18.35
10/15/2018,20.27,18.65,18.15,18.33,18.56,18.59,18.79
10/16/2018,17.7,17.25,17.15,17.6,17.91,17.97,18.24
10/17/2018,18.6,17.13,17.15,17.55,17.86,17.95,18.22
10/18/2018,18.38,18.06,18.25,18.32,18.23,18.51,
10/19/2018,18.55,18.26,18.48,18.48,18.38,18.55,
10/22/2018,18.62,18.25,18.46,18.46,18.4,18.51,
10/23/2018,18.9,18.47,18.61,18.56,18.43,18.5,18.8
10/24/2018,20.37,19.46,19.47,19.25,19.1,19.07,
10/25/2018,21.06,19.92,19.9,19.6,19.42,19.35,19.3
10/26/2018,21.3,20.26,20.15,19.77,19.57,19.51,19.82
10/29/2018,21.7,20.67,20.55,20.15,19.9,19.67,19.75
10/30/2018,20.8,20.13,20.15,19.85,19.62,19.57,19.71
10/31/2018,20.3,19.8,19.95,19.65,19.47,19.36,19.24
11/1/2018,19.45,19.12,19.37,19.27,19.12,19.15,
11/2/2018,19.61,19.12,19.3,19.25,19.08,19.11,19.1
11/5/2018,19.41,18.8,19.01,18.95,18.82,18.92,19.03
11/6/2018,18.65,18.3,18.5,18.53,18.41,18.51,18.61
11/7/2018,16.75,17.11,17.62,17.9,17.77,18.1,18.22
11/8/2018,17,17.19,17.62,17.95,17.86,18.08,18.25
11/9/2018,17.55,17.67,18.07,18.25,18.15,18.36,18.51
11/12/2018,19.55,18.71,18.86,18.8,18.63,18.75,18.94
11/13/2018,19.42,18.9,19.17,19.05,18.88,18.95,19
11/14/2018,20.1,19.42,19.65,19.45,19.25,19.16,19.21
11/15/2018,19.45,19.17,19.52,19.4,19.2,19.13,19.36
11/16/2018,18.3,18.35,18.8,18.87,18.7,18.76,18.91
11/19/2018,19.91,19.4,19.63,19.42,19.19,19.19,19.27
11/20/2018,22.3,20.55,20.66,20.36,20.06,19.95,19.93
11/21/2018,21.4,20.1,20.41,20.15,19.9,19.85,19.9
11/23/2018,20.45,20.51,20.27,20,20,20.05,
11/26/2018,19.25,19.65,19.71,19.5,19.47,19.42,
11/27/2018,18.65,19.06,19.21,19.05,19.11,19.3,19.38
11/28/2018,18.2,18.57,18.8,18.72,18.85,19,
11/29/2018,18.45,18.85,19.05,18.86,18.95,19.14,19.7
11/30/2018,17.65,18.23,18.56,18.51,18.65,18.8,19.12
12/3/2018,16.7,17.37,17.96,17.92,18.12,18.35,18.55
12/4/2018,19.4,19.25,19.13,18.95,18.95,19.13,19.32
12/5/2018,19.02,19.05,19.05,18.9,18.9,19.08,
12/6/2018,19.9,19.45,19.25,19.02,19.02,19.2,19.68
12/7/2018,21.4,20.62,20.08,19.73,19.62,19.82,19.95
12/10/2018,21.3,20.56,20.01,19.7,19.57,19.76,19.88
12/11/2018,21.72,20.84,20.35,19.99,19.8,19.99,19.88
12/12/2018,21.15,20.55,20.21,19.87,19.74,19.92,19.97
12/13/2018,20.7,20.25,20.1,19.85,19.71,19.9,19.9
12/14/2018,21.82,20.91,20.46,20.15,19.92,20.12,20.16
12/17/2018,23.32,21.62,20.95,20.52,20.28,20.52,20.7
12/18/2018,24.77,22.15,21.47,20.98,20.65,20.85,20.84
12/19/2018,25,22.3,21.56,21.07,20.8,20.97,21
12/20/2018,22.72,21.65,21.1,20.75,20.97,21.02,
12/21/2018,24,22,21.3,20.94,21.15,21.2,
12/24/2018,25.95,22.2,21.4,21,21.25,21.31,
12/26/2018,24.85,21.71,20.98,20.66,20.8,20.81,
12/27/2018,25.25,22.05,21.36,20.92,21.07,21.07,
12/28/2018,25.31,22.06,21.33,20.82,20.95,20.94,
12/31/2018,24.25,21.6,21,20.5,20.64,20.65,
1/2/2019,23.75,21.68,21.15,20.66,20.8,20.73,20.64
1/3/2019,24.37,22.08,21.55,20.97,21.07,20.97,20.94
1/4/2019,22,20.96,20.53,20.15,20.28,20.34,
1/7/2019,21.35,20.62,20.26,20.01,20.12,20.16,20.33
1/8/2019,20.65,20.5,20.12,19.85,19.94,20.02,20.2
1/9/2019,20.25,20.28,20.01,19.76,19.86,19.96,20.1
1/10/2019,19.85,20.1,19.9,19.72,19.82,19.92,20.12
1/11/2019,19.05,19.8,19.72,19.61,19.5,19.62,19.72
1/14/2019,19.25,19.7,19.6,19.43,19.54,19.7,19.98
1/15/2019,18.9,19.05,19.1,19.05,19.19,19.37,19.68
1/16/2019,18.3,18.95,18.95,18.95,19.15,19.32,19.6
1/17/2019,19.3,18.85,18.85,18.87,19.06,19.27,19.57
1/18/2019,18.6,18.57,18.65,18.85,19.05,19.35,
1/22/2019,19.6,19.2,19.06,19.25,19.35,19.64,
1/23/2019,20.45,19.56,19.28,19.17,19.31,19.42,19.65
1/24/2019,19.21,18.96,18.87,19.05,19.17,19.44,
1/25/2019,18.5,18.41,18.49,18.65,18.75,19.05,
1/28/2019,19.5,19.14,18.91,18.91,19.07,19.16,19.45
1/29/2019,19.06,18.85,18.65,18.6,18.77,18.87,19.2
1/30/2019,19.05,18.45,18.35,18.5,18.65,18.74,19.05
1/31/2019,17.77,17.91,18.16,18.35,18.43,18.71,
2/1/2019,17.55,17.63,17.96,18.16,18.25,18.57,
2/4/2019,17.05,17.2,17.65,17.9,18.05,18.35,18.59
2/5/2019,17,17.1,17.46,17.7,17.85,18.15,18.32
2/6/2019,16.77,16.9,17.31,17.55,17.72,18,18.17
2/7/2019,17.85,17.35,17.33,17.6,17.85,17.97,18.25
2/8/2019,17.67,17.06,17.12,17.51,17.72,17.88,18.15
2/11/2019,16.85,17.05,17.15,17.55,17.76,17.95,18.2
2/12/2019,16.2,16.75,16.95,17.45,17.69,17.83,18.1
2/13/2019,16.2,16.7,16.85,17.2,17.46,17.63,17.93
2/14/2019,17.05,17,17.15,17.5,17.67,17.81,18.07
2/15/2019,15.7,16.35,16.62,17.15,17.35,17.5,17.83
2/19/2019,14.91,16.33,16.61,17.05,17.32,17.49,17.8
2/20/2019,15.52,16.17,16.88,17.12,17.28,17.57,17.9
2/21/2019,15.9,16.47,16.95,17.15,17.3,17.6,17.85
2/22/2019,15.15,15.9,16.55,16.78,16.95,17.21,17.5
2/25/2019,15.62,16.15,16.57,16.8,16.95,17.18,17.45
2/26/2019,15.85,16.41,16.85,17,17.1,17.35,17.55
2/27/2019,15.6,16.28,16.65,16.85,16.93,17.14,17.31
2/28/2019,15.65,16.35,16.8,16.88,16.91,17.03,17.15
3/1/2019,14.87,15.66,16.41,16.62,16.66,16.8,16.94
3/4/2019,15.35,15.9,16.51,16.75,16.8,16.91,17.03
3/5/2019,15.56,16.08,16.65,16.82,16.85,16.96,17.06
3/6/2019,16.1,16.5,16.95,17.11,17.13,17.21,17.32
3/7/2019,16.75,16.85,17.26,17.42,17.42,17.52,17.61
3/8/2019,16.75,17,17.35,17.52,17.51,17.58,17.65
3/11/2019,15.05,15.9,16.65,16.86,16.92,17.08,17.15
3/12/2019,14.42,15.62,16.45,16.77,16.85,17.03,17.11
3/13/2019,14.05,15.45,16.2,16.55,16.7,16.91,17.02
3/14/2019,13.92,15.33,16.25,16.58,16.77,17,17.09
3/15/2019,13.52,14.93,15.97,16.35,16.55,16.8,16.9
3/18/2019,12.95,15,16.1,16.5,16.71,16.96,17.05
3/19/2019,12.5,15.05,16.25,16.55,16.82,17.03,17.12
3/20/2019,15.5,16.55,16.85,16.93,17.12,17.21,17.23
3/21/2019,15.07,16.25,16.5,16.65,16.88,17,17.05
3/22/2019,16.8,17.18,17.27,17.28,17.39,17.44,17.45
3/25/2019,16.81,17.27,17.41,17.42,17.52,17.54,17.55
3/26/2019,15.85,16.85,17.1,17.23,17.36,17.42,17.43
3/27/2019,16.3,17.26,17.48,17.55,17.65,17.66,17.68
3/28/2019,15.62,16.97,17.26,17.33,17.46,17.51,17.57
3/29/2019,15.3,16.67,16.94,17.06,17.22,17.27,17.25
4/1/2019,14.96,16.35,16.66,16.85,16.98,17.1,17.15
4/2/2019,14.85,16.4,16.75,16.92,17.11,17.18,17.26
4/3/2019,14.92,16.35,16.65,16.71,16.88,16.97,17.07
4/4/2019,14.85,16.3,16.63,16.76,16.93,17.02,17.11
4/5/2019,14.35,16.11,16.45,16.58,16.82,16.96,17.05
4/8/2019,14.33,15.95,16.25,16.45,16.7,16.8,16.93
4/9/2019,15.15,16.55,16.85,16.91,17.07,17.14,17.21
4/10/2019,14.45,16.16,16.6,16.73,16.95,17.05,17.1
4/11/2019,13.75,15.95,16.37,16.58,16.8,16.87,16.96
4/12/2019,12.85,15.58,16.2,16.58,16.85,17,17.06
4/15/2019,12.63,15.48,16.12,16.51,16.82,16.94,17.03
4/16/2019,12.5,15.55,16.25,16.62,16.95,17.1,17.13
4/17/2019,12.25,15.55,16.2,16.55,16.86,17.02,17.14
4/18/2019,15.55,16.22,16.58,16.89,17.04,17.15,16.95
4/22/2019,15.36,16.05,16.45,16.69,16.86,16.96,16.82
4/23/2019,15.33,16.01,16.36,16.68,16.87,17.03,16.87
4/24/2019,13.8,15.65,16.16,16.42,16.7,16.86,17
4/25/2019,14.16,16,16.5,16.7,16.91,17.01,17.12
4/26/2019,15.63,16.21,16.5,16.77,16.92,17.05,16.9
4/29/2019,15.68,16.24,16.52,16.82,16.97,17.08,16.95
4/30/2019,15.66,16.24,16.51,16.82,16.97,17.05,16.95
5/1/2019,14,16.37,16.85,17,17.27,17.4,17.45
5/2/2019,15.05,16.2,16.7,16.96,17.22,17.35,17.41
5/3/2019,15.58,16.22,16.57,16.9,17.04,17.12,16.97
5/6/2019,16.73,16.97,17.07,17.25,17.4,17.41,17.25
5/7/2019,19.05,17.85,17.85,17.77,17.91,17.92,17.87
5/8/2019,18.05,17.95,17.87,17.7,17.77,17.8,17.75
5/9/2019,18.5,17.92,17.85,17.65,17.78,17.8,17.78
5/10/2019,16.2,16.85,17.1,17.14,17.35,17.36,17.37
5/13/2019,20,18.87,18.65,18.35,18.43,18.4,18.25
5/14/2019,18.15,17.97,17.87,17.65,17.74,17.7,17.65
5/15/2019,17.4,17.47,17.45,17.5,17.47,17.42,17.2
5/16/2019,16.66,17.02,17.05,17.25,17.35,17.35,17.11
5/17/2019,17,17.18,17.25,17.38,17.42,17.42,17.17
5/20/2019,17.1,17.3,17.35,17.52,17.57,17.57,17.36
5/21/2019,16.26,16.75,16.91,17.12,17.25,17.31,17.1
5/22/2019,16.22,16.82,17,17.22,17.31,17.37,17.15
5/23/2019,17.35,17.65,17.63,17.75,17.71,17.72,17.52
5/24/2019,16.92,17.41,17.52,17.67,17.74,17.76,17.55
5/28/2019,17.37,17.72,17.76,17.87,17.9,17.87,17.6
5/29/2019,17.8,18.05,18.01,18.08,18.05,18.02,17.75
5/30/2019,17.41,17.77,17.8,17.9,17.91,17.88,17.6
5/31/2019,18.2,18.4,18.3,18.31,18.26,18.23,17.9
6/3/2019,18.26,18.3,18.2,18.25,18.23,18.17,17.85
6/4/2019,17.21,17.62,17.64,17.73,17.72,17.65,17.35
6/5/2019,16.65,17.25,17.39,17.6,17.58,17.55,17.26
6/6/2019,16.69,17.2,17.32,17.45,17.5,17.47,17.2
6/7/2019,16.8,17.23,17.35,17.53,17.56,17.54,17.25
6/10/2019,16.38,17.05,17.15,17.35,17.4,17.37,17.11
6/11/2019,16.49,17.15,17.28,17.48,17.5,17.48,17.22
6/12/2019,16.37,17.02,17.25,17.5,17.58,17.55,17.26
6/13/2019,16.1,16.98,17.21,17.46,17.53,17.53,17.27
6/14/2019,15.75,16.8,17.02,17.3,17.4,17.42,17.2
6/17/2019,15.28,16.62,16.89,17.2,17.26,17.27,17.05
6/18/2019,15.15,16.6,16.9,17.15,17.32,17.3,17.1
6/19/2019,14.9,15.9,16.59,17.01,17.2,17.23,17
6/20/2019,16.1,16.7,16.95,17.05,17.11,16.87,17.48
6/21/2019,16.55,17.11,17.37,17.48,17.45,17.17,17.8
6/24/2019,16.29,16.99,17.27,17.35,17.35,17.07,17.65
6/25/2019,16.69,17.3,17.6,17.64,17.62,17.36,17.99
6/26/2019,16.55,17.25,17.53,17.6,17.6,17.32,17.91
6/27/2019,16.1,17,17.31,17.4,17.35,17.1,17.74
6/28/2019,15.7,16.62,16.99,17.11,17.15,16.87,17.56
7/1/2019,14.93,16.1,16.55,16.75,16.85,16.65,17.35
7/2/2019,14.25,15.6,16.15,16.5,16.6,16.45,17.2
7/3/2019,14,15.53,16.05,16.37,16.54,16.38,17.1
7/5/2019,14.35,15.66,16.12,16.37,16.52,16.37,17.14
7/8/2019,14.85,16,16.44,16.65,16.78,16.57,17.2
7/9/2019,14.9,16.1,16.55,16.8,16.87,16.67,17.35
7/10/2019,14.1,15.6,16.17,16.52,16.67,16.52,17.24
7/11/2019,13.7,15.45,16.09,16.45,16.57,16.41,17.15
7/12/2019,13.12,15.19,15.96,16.34,16.52,16.38,17.12
7/15/2019,12.91,15.22,16.03,16.41,16.57,16.42,17.2
7/16/2019,12.9,15.3,16.2,16.6,16.8,16.67,17.42
7/17/2019,12.38,15.83,16.61,16.9,17.01,16.87,17.62
7/18/2019,15.26,16.27,16.66,16.78,16.66,17.4,17.41
7/19/2019,15.89,16.78,17,17.03,16.89,17.65,17.65
7/22/2019,15.2,16.38,16.77,16.88,16.72,17.5,17.54
7/23/2019,14.85,16.2,16.55,16.68,16.52,17.28,17.3
7/24/2019,14.45,15.83,16.25,16.41,16.27,17.05,17.05
7/25/2019,14.76,16.2,16.56,16.7,16.52,17.3,17.27
7/26/2019,14.45,15.86,16.3,16.45,16.33,17.14,17.15
7/29/2019,14.49,15.9,16.3,16.45,16.27,17.08,17.11
7/30/2019,14.95,16.3,16.63,16.7,16.55,17.33,17.35
7/31/2019,16.31,17.22,17.37,17.29,17.07,17.75,17.7
8/1/2019,17.55,17.83,17.77,17.57,17.28,17.95,17.92
8/2/2019,17.45,17.63,17.59,17.42,17.15,17.83,17.82
8/5/2019,21.83,20.56,19.77,19.1,18.47,18.82,18.65
8/6/2019,19.64,19.42,18.91,18.52,18.1,18.51,18.4
8/7/2019,19.3,19.15,18.78,18.4,17.91,18.37,18.29
8/8/2019,17.69,18,17.9,17.64,17.26,17.76,17.75
8/9/2019,18.48,18.55,18.31,18,17.57,18.01,17.95
8/12/2019,20.6,19.85,19.4,18.84,18.34,18.7,18.62
8/13/2019,18.18,18.51,18.45,18.16,17.72,18.11,18.05
8/14/2019,21.7,20.52,19.82,19.25,18.75,19.06,18.95
8/15/2019,21.15,20.46,19.81,19.25,18.7,18.99,18.84
8/16/2019,18.88,19.39,19.22,18.85,18.33,18.64,18.45
8/19/2019,16.88,18.1,18.3,18.15,17.81,18.21,18.12
8/20/2019,17.55,18.55,18.75,18.6,18.25,18.65,18.55
8/21/2019,15.95,17.35,17.93,18.05,17.8,18.3,18.25
8/22/2019,17.91,18.28,18.22,17.92,18.45,18.37,18.5
8/23/2019,19.92,19.69,19.37,18.93,19.35,19.2,19.29
8/26/2019,19.45,19.45,19.14,18.76,19.23,19.15,19.25
8/27/2019,20.05,19.9,19.55,19.1,19.51,19.35,19.45
8/28/2019,19.45,19.7,19.4,19,19.4,19.25,19.25
8/29/2019,18.59,19.11,18.95,18.52,19.05,18.87,18.95
8/30/2019,18.84,19.2,19.08,18.64,19.15,18.99,19.1
9/3/2019,19.55,19.55,19.4,19.03,19.52,19.37,19.42
9/4/2019,18.16,18.73,18.75,18.44,18.99,18.86,18.92
9/5/2019,17.4,18.26,18.47,18.23,18.8,18.65,18.72
9/6/2019,16.46,17.62,17.97,17.83,18.5,18.4,18.5
9/9/2019,16.4,17.65,18,17.8,18.5,18.42,18.53
9/10/2019,16.3,17.66,18.02,17.92,18.62,18.55,18.65
9/11/2019,15.8,17.33,17.83,17.7,18.51,18.42,18.52
9/12/2019,15.05,17,17.61,17.52,18.35,18.32,18.48
9/13/2019,14.46,16.84,17.54,17.54,18.37,18.35,18.48
9/16/2019,14.7,17.19,17.9,17.88,18.64,18.61,18.72
9/17/2019,14.65,17.09,17.92,18.02,18.8,18.76,18.92
9/18/2019,14.15,16.35,17.52,17.67,18.51,18.55,18.7
9/19/2019,16.25,17.55,17.7,18.53,18.56,18.73,18.68
9/20/2019,17.27,18.29,18.33,19.06,19.08,19.22,19.2
9/23/2019,16.65,17.93,18,18.86,18.9,19.07,19.06
9/24/2019,17.89,18.66,18.53,19.22,19.25,19.43,19.47
9/25/2019,17.26,18.37,18.35,19.13,19.1,19.27,19.3
9/26/2019,17.5,18.61,18.56,19.22,19.2,19.25,19.2
9/27/2019,17.93,18.91,18.75,19.37,19.35,19.46,19.37
9/30/2019,17.1,18.3,18.34,19.1,19.1,19.21,19.2
10/1/2019,18.42,19.17,18.96,19.58,19.57,19.67,19.6
10/2/2019,19.94,20.05,19.72,20.2,20.07,20.12,19.98
10/3/2019,18.95,19.38,19.22,19.83,19.75,19.86,19.8
10/4/2019,17.65,18.7,18.7,19.44,19.4,19.52,19.45
10/7/2019,18,18.76,18.68,19.47,19.45,19.55,19.47
10/8/2019,20.01,19.9,19.62,20.24,20.12,20.18,20.03
10/9/2019,18.55,19.25,19.2,19.91,19.85,19.87,19.78
10/10/2019,17.35,18.7,18.8,19.54,19.45,19.55,19.42
10/11/2019,15.89,18,18.3,19.28,19.22,19.32,19.24
10/14/2019,14.55,17.32,17.91,18.95,18.97,19.1,19.05
10/15/2019,13.8,16.9,17.6,18.76,18.83,19,18.95
10/16/2019,13.75,16.73,17.47,18.73,18.76,18.88,18.86
10/17/2019,16.55,17.4,18.56,18.57,18.75,18.72,18.85
10/18/2019,16.68,17.52,18.77,18.8,19,19.01,19.12
10/21/2019,16.14,17.25,18.47,18.5,18.7,18.75,18.88
10/22/2019,16.65,17.65,18.76,18.8,18.97,19.01,19
10/23/2019,16.15,17.35,18.52,18.58,18.75,18.77,18.85
10/24/2019,16.09,17.27,18.51,18.57,18.78,18.84,18.92
10/25/2019,15.4,16.88,18.22,18.31,18.53,18.62,18.76
10/28/2019,15.6,16.99,18.4,18.41,18.64,18.68,18.77
10/29/2019,15.45,17,18.43,18.5,18.7,18.73,18.84
10/30/2019,15.01,16.53,18.13,18.24,18.5,18.5,18.7
10/31/2019,15.28,16.75,18.3,18.38,18.58,18.6,18.7
11/1/2019,14.65,16.16,18.02,18.11,18.35,18.37,18.5
11/4/2019,14.75,16.3,17.98,18.06,18.27,18.3,18.41
11/5/2019,15.1,16.6,18.25,18.36,18.56,18.57,18.7
11/6/2019,14.76,16.28,18.2,18.34,18.56,18.6,18.7
11/7/2019,14.65,16.2,18.15,18.3,18.55,18.57,18.69
11/8/2019,14.3,16.05,18.07,18.24,18.52,18.58,18.75
11/11/2019,14.1,15.8,17.87,18.1,18.38,18.47,18.59
11/12/2019,13.95,15.81,17.96,18.17,18.46,18.53,18.66
11/13/2019,13.96,15.82,17.9,18.12,18.42,18.55,18.65
11/14/2019,13.7,15.6,17.77,17.98,18.3,18.42,18.55
11/15/2019,12.96,15.09,17.5,17.81,18.15,18.27,18.35
11/18/2019,12.75,15.05,17.47,17.8,18.11,18.23,18.37
11/19/2019,13.15,15.2,17.56,17.85,18.2,18.36,18.45
11/20/2019,13.34,15.15,17.65,18.02,18.4,18.52,18.65
11/21/2019,15.4,17.95,18.3,18.67,18.8,18.9,
11/22/2019,14.8,17.76,18.05,18.4,18.59,18.72,
11/25/2019,14.1,17.43,17.72,18.09,18.31,18.41,19
11/26/2019,13.95,17.3,17.6,17.96,18.18,18.35,18.65
11/27/2019,13.84,17.35,17.57,17.99,18.2,18.35,18.61
11/29/2019,14.13,17.65,17.86,18.25,18.4,18.5,18.66
12/2/2019,15.33,18.18,18.21,18.63,18.82,18.91,19.1
12/3/2019,16.2,18.58,18.5,18.9,19.07,19.17,19.44
12/4/2019,15.4,18.11,18.2,18.61,18.78,18.92,19.18
12/5/2019,15.05,17.93,18.07,18.55,18.71,18.83,19.07
12/6/2019,14.41,17.51,17.63,18.19,18.38,18.52,18.87
12/9/2019,15.65,18.1,18.07,18.55,18.68,18.79,18.98
12/10/2019,15.35,17.96,18.07,18.55,18.61,18.72,19.1
12/11/2019,14.75,17.63,17.82,18.32,18.4,18.52,18.87
12/12/2019,13.75,17.16,17.45,17.95,18.02,18.2,18.62
12/13/2019,12.66,15.05,16.7,17.07,17.6,17.7,17.86
12/16/2019,12.12,16.41,16.76,17.32,17.42,17.62,18.1
12/17/2019,12.4,16.41,16.9,17.48,17.6,17.9,18.24
12/18/2019,12.05,16.4,16.8,17.4,17.58,17.87,18.25
12/19/2019,15.05,16.29,16.62,17.22,17.37,17.7,18.1
12/20/2019,13.75,16.41,16.73,17.27,17.41,17.72,18.13
12/23/2019,16.5,16.75,17.2,17.36,17.68,18.12,18.48
12/24/2019,16.45,16.75,17.25,17.4,17.74,18.1,18.49
12/26/2019,14.7,16.62,16.82,17.29,17.42,17.73,18.05
12/27/2019,16.97,17.13,17.56,17.75,18,18.25,18.6
12/30/2019,15.5,17.35,17.45,17.85,18,18.3,18.52
12/31/2019,16.6,16.91,17.43,17.57,17.89,18.18,18.49
1/2/2020,14.05,16.12,16.5,17.02,17.15,17.43,17.79
1/3/2020,16.7,16.87,17.32,17.5,17.77,18.08,18.37
1/6/2020,14.65,16.75,16.9,17.35,17.47,17.75,18.05
1/7/2020,16.72,16.95,17.36,17.46,17.75,18,18.2
1/8/2020,13.85,16.21,16.45,16.93,17.07,17.4,17.75
1/9/2020,13.25,15.78,16.14,16.66,16.87,17.17,17.55
1/10/2020,13.3,15.78,16.04,16.56,16.8,17.13,17.51
1/13/2020,12.8,15.4,15.8,16.36,16.62,16.95,17.35
1/14/2020,12.85,15.22,15.66,16.28,16.56,16.97,17.36
1/15/2020,15.2,15.55,16.17,16.41,16.8,17.26,17.67
1/16/2020,14.93,15.37,15.97,16.22,16.63,17.13,17.48
1/17/2020,14.9,15.37,16.05,16.33,16.75,17.18,17.55
1/21/2020,15.05,15.55,16.05,16.25,16.67,17.2,17.55
1/22/2020,15.25,15.75,16.3,16.5,16.88,17.35,17.6
1/23/2020,15.05,15.63,16.27,16.47,16.86,17.22,17.5
1/24/2020,16.05,16.26,16.72,16.75,17.13,17.45,17.7
1/27/2020,17.75,17.3,17.39,17.22,17.6,17.89,18
1/28/2020,16.55,16.63,16.94,16.89,17.2,17.57,17.83
1/29/2020,16.68,16.8,17.11,17.07,17.4,17.71,17.9
1/30/2020,16.1,16.37,16.72,16.71,17.05,17.35,17.6
1/31/2020,18.3,17.8,17.83,17.6,17.82,18,18.11
2/3/2020,17.94,17.41,17.53,17.32,17.56,17.76,17.9
2/4/2020,16.64,16.55,16.79,16.67,16.94,17.2,17.37
2/5/2020,15.8,16.1,16.46,16.48,16.82,17.13,17.4
2/6/2020,15.5,15.9,16.35,16.35,16.7,17.09,17.35
2/7/2020,16.07,16.27,16.7,16.68,17.01,17.29,17.47
2/10/2020,15.65,15.98,16.48,16.53,16.87,17.15,17.37
2/11/2020,15.55,15.9,16.45,16.55,16.95,17.2,17.41
2/12/2020,14.42,15.27,16.11,16.3,16.68,16.97,17.17
2/13/2020,14.83,15.56,16.3,16.45,16.85,17.1,17.24
2/14/2020,14.4,15.4,16.11,16.3,16.7,16.97,17.22
2/18/2020,15,15.8,16.55,16.71,17.1,17.27,17.41
2/19/2020,14.5,15.39,16.27,16.52,16.88,17.17,17.37
2/20/2020,16.2,16.9,16.86,17.17,17.38,17.6,20.08
2/21/2020,17.05,17.33,17.09,17.31,17.52,17.75,20.55
2/24/2020,20.15,19.4,18.4,18.37,18.3,18.45,21.37
2/25/2020,21.95,20.67,19.45,19.18,18.9,18.97,21.9
2/26/2020,22.45,21.03,19.77,19.47,19.11,19.2,22.2
2/27/2020,26.6,23.62,21.91,21.07,20,19.91,22.9
2/28/2020,26.1,23,21.2,20.35,19.53,19.52,22.52
3/2/2020,26.15,23.3,21.32,20.37,19.66,19.82,22.6
3/3/2020,29.3,25.5,22.82,21.6,20.5,20.51,22.9
3/4/2020,27.5,24.7,22.4,21.4,20.4,20.3,22.25
3/5/2020,31.7,27.52,24.66,23.22,21.87,21.57,23.45
3/6/2020,36.17,30.65,26.5,24.89,23.5,23.23,24.85
3/9/2020,45.65,37.2,30.74,28.35,26.31,25.75,26.7
3/10/2020,41.56,34.55,29.31,27.05,25.17,24.7,25.55
3/11/2020,46.95,39.05,32.49,29.42,26.86,25.92,26.7
3/12/2020,59.95,47.35,37.14,33.17,29.52,28.47,28.5
3/13/2020,54.45,44.8,35.5,31.4,27.2,26.55,26.9
3/16/2020,72.05,58.85,44.85,38.7,32.05,30.86,31
3/17/2020,70.55,60.7,48.3,41.74,32.8,31.25,31
3/18/2020,81.95,71.15,60.1,51.77,37.84,34.82,34.12
3/19/2020,68.2,59.83,52.05,37.84,34.33,34.4,32.55
3/20/2020,62,56.95,49.95,36.57,33,33.05,31.6
3/23/2020,49.4,44.6,39.83,30.3,28.15,29.2,28.2
3/24/2020,46.75,39.6,34.99,27.3,26.32,26.7,25.65
3/25/2020,51.31,44.52,39.55,31.94,30.9,30.92,29.45
3/26/2020,46.35,39.8,35.63,29.88,28.81,28.86,27.7
3/27/2020,53.4,44.75,39.5,32.35,30.86,30.72,29.35
3/30/2020,49.65,42.54,38.15,31.45,29.9,29.7,28.6
3/31/2020,47.25,41.2,37.4,31.65,30.1,29.95,28.7
4/1/2020,50.47,43.95,39.81,34.02,32.21,31.8,30.7
4/2/2020,47.8,42.5,38.77,33.6,31.87,31.29,30.05
4/3/2020,45.1,41.1,38.05,33.21,31.67,31.4,30.25
4/6/2020,42.25,38.27,36.1,31.87,30.44,30.37,29
4/7/2020,44.15,39.62,36.65,32.53,31.66,31.41,29.9
4/8/2020,42.6,38.3,36.1,32.02,31.15,30.85,29.25
4/9/2020,41.1,36.84,34.54,31.14,30.37,30.3,28.84
4/13/2020,40.8,36.22,33.95,30.85,30.1,30.18,28.6
4/14/2020,37.93,33.2,32.1,29.9,29.32,29.95,28.4
4/15/2020,42.4,36.6,34.67,31.7,30.95,31.45,29.7
4/16/2020,35.6,33.65,31.25,30.69,31.3,29.77,28.7
4/17/2020,34.8,33.3,31.05,30.45,31.27,29.55,28.45
4/20/2020,39,36.12,32.9,32.36,33.13,31.3,29.55
4/21/2020,41.7,38.55,34.41,33.6,34,31.85,30.6
4/22/2020,39.5,37.37,33.8,33.22,33.73,31.55,30.3
4/23/2020,39.67,37.75,34,33.1,33.68,31.55,30.3
4/24/2020,36.95,35.7,32.85,32.05,32.55,30.31,29.05
4/27/2020,33.95,33.5,31.51,30.8,31.38,29.26,28.02
4/28/2020,34.4,33.97,31.9,31.15,31.8,29.5,28.2
4/29/2020,31.75,31.62,30.43,29.93,30.7,28.55,27.45
4/30/2020,34.6,33.6,31.55,30.95,31.64,29.4,28.1
5/1/2020,37.4,36,33.45,33.03,33.59,31.27,30.09
5/4/2020,35.7,35.05,33.1,32.75,33.38,31.1,29.8
5/5/2020,34.15,33.85,32.15,31.95,32.7,30.45,29.35
5/6/2020,34.8,34.59,32.65,32.35,33.05,30.83,29.55
5/7/2020,32.2,32.65,31.45,31.17,32,29.85,28.65
5/8/2020,29.41,30.67,30.05,30.04,31,28.9,27.85
5/11/2020,28.08,29.28,29.35,29.46,30.64,28.51,27.52
5/12/2020,33.25,33.04,31.94,31.92,32.95,30.65,29.35
5/13/2020,34.49,34.37,32.4,32.33,33.51,31.22,30.2
5/14/2020,32.76,33.17,32.07,32.18,33.2,30.76,29.67
5/15/2020,32.12,32.67,32.04,32.25,33.22,31.15,30.1
5/18/2020,29.1,30.21,30.27,30.55,31.61,29.65,28.65
5/19/2020,30.6,32.05,31.2,31.49,32.52,30.67,29.61
5/20/2020,28.7,29.5,30.17,30.5,31.7,29.8,28.8
5/21/2020,30.85,31.1,31.41,32.57,30.57,29.37,
5/22/2020,30.24,30.65,30.95,32.25,30.29,29.12,
5/26/2020,29.6,30.17,30.45,31.98,30,28.8,
5/27/2020,29.1,29.82,30.12,31.7,29.7,28.4,
5/28/2020,30.3,30.68,30.75,32.3,30.2,28.85,
5/29/2020,28.85,30,30.25,31.9,29.8,28.33,
6/1/2020,29.6,30.5,30.55,32.15,30.07,28.54,
6/2/2020,28.2,29.75,29.95,31.81,29.75,28.25,
6/3/2020,27.05,29.12,29.43,31.21,29.2,27.65,
6/4/2020,26.65,28.6,29,30.88,28.87,27.4,
6/5/2020,25.42,27.25,27.7,29.65,27.71,26.35,
6/8/2020,26.07,27.82,28.2,30.15,28,26.65,
6/9/2020,27.55,29,29.21,31.07,29.02,27.63,
6/10/2020,27.45,28.81,28.97,30.75,28.72,27.3,
6/11/2020,40.19,31.85,36.53,34.98,35.92,33.45,31.75
6/12/2020,,,,,,,
